Workbook

Sheet Titles
A2: Housing Start Data in Centres 10,000 Population and Over
A4: December 2020 - 2021
A5: January - December 2020 - 2021
A7: Footnotes
A8: Data for 2020 and 2021 based on 2016 Census Definitions.
A10: Source: CMHC Starts and Completion Survey, Market Absorption Survey
A12: 1 Data for 2020 and 2021 based on 2016 Census Definitions.
A14: 2021 based on 2016 Census Definitions.
A18: Données révisées sur les mises en chantier d'habitations
A19: Données provisoires sur les mises en chantier d'habitations
A20: Données provisoires sur les mises en chantier d'habitations
A21: révisées
A22: provisoires

Sheet Index
B1: CMHC HOUSING MARKET INFORMATION
B2: Monthly Housing Starts and Other Construction Data
B4: Source: CMHC Starts and Completions Survey and Market Absorption Survey
B5: © 2021 Canada Mortgage and Housing Corporation
B7: TABLE OF CONTENTS
B8: The table of contents below provides a brief description of the contents in each tab.
B10: Note to readers
B12: Table 1: Housing Start Data in Centres 10,000 Population and Over
B14: Table 2: Housing Start Data in Centres 10,000 Population and Over (Cumulative)
B16: Table 3: Dwelling Starts in Urban Centres and Canada, Seasonally Adjusted at Annual Rates
B18: Table 4: Dwelling Starts in Urban Centres, by Region, Seasonally Adjusted at Annual Rates
B20: Table 5: Dwelling Starts in Urban Centres, by Region, Seasonally Adjusted at Annual Rates
... B40: Type of Dwelling

Sheet Notes
A1: Note to readers impact of COVID-19 on data collection efforts:
A2: *CMHC’s Starts and Completions Survey (SCS) for April was conducted in each province with the exception of Québec as residential construction activity was halted in the province during the period from March 25 to April 12, 2020.
A3: *In addition, in December 2020, SCS was not conducted in Kelowna CMA.
A5: *Due to the flood situation in British Columbia, CMHC was not able to administer SCS in Chilliwack CA for November 2021

Sheet Table 1
A1: Table 1
A2: =Titles!A2 -> Housing Start Data in Centres 10,000 Population and Over
A4: =Titles!A4 -> December 2020 - 2021
A5: Area | C5: Single-Detached | F5: All Others | I5: Total
A6: Province
C7: 2020 | D7: 2021 | E7: % | F7: 2020 | G7: 2021 | H7: % | I7: 2020 | J7: 2021 | K7: %
A8: Nfld.Lab. | C8: 53 | D8: 56 | E8: =IF(C8=D8,"-",IF((C8=0),"##",IF(ABS((D8/C8-1)*100)>=500,"##",(D8/C8-1)*100))) -> 5.6603774 | F8: 7 | G8: 24 | H8: =IF(F8=G8,"-",IF((F8=0),"##",IF(ABS((G8/F8-1)*100)>=500,"##",(G8/F8-1)*100))) -> 242.85714 | I8: =C8+F8 -> 60 | J8: =D8+G8 -> 80 | K8: =IF(I8=J8,"-",IF((I8=0),"##",IF(ABS((J8/I8-1)*100)>=500,"##",(J8/I8-1)*100))) -> 33.333333
A9: P.E.I. | C9: 18 | D9: 19 | E9: =IF(C9=D9,"-",IF((C9=0),"##",IF(ABS((D9/C9-1)*100)>=500,"##",(D9/C9-1)*100))) -> 5.5555556 | F9: 11 | G9: 19 | H9: =IF(F9=G9,"-",IF((F9=0),"##",IF(ABS((G9/F9-1)*100)>=500,"##",(G9/F9-1)*100))) -> 72.727273 | I9: =C9+F9 -> 29 | J9: =D9+G9 -> 38 | K9: =IF(I9=J9,"-",IF((I9=0),"##",IF(ABS((J9/I9-1)*100)>=500,"##",(J9/I9-1)*100))) -> 31.034483
A10: N.S. | C10: 143 | D10: 149 | E10: =IF(C10=D10,"-",IF((C10=0),"##",IF(ABS((D10/C10-1)*100)>=500,"##",(D10/C10-1)*100))) -> 4.1958042 | F10: 353 | G10: 607 | H10: =IF(F10=G10,"-",IF((F10=0),"##",IF(ABS((G10/F10-1)*100)>=500,"##",(G10/F10-1)*100))) -> 71.954674 | I10: =C10+F10 -> 496 | J10: =D10+G10 -> 756 | K10: =IF(I10=J10,"-",IF((I10=0),"##",IF(ABS((J10/I10-1)*100)>=500,"##",(J10/I10-1)*100))) -> 52.419355
A11: N.B. | C11: 77 | D11: 79 | E11: =IF(C11=D11,"-",IF((C11=0),"##",IF(ABS((D11/C11-1)*100)>=500,"##",(D11/C11-1)*100))) -> 2.5974026 | F11: 434 | G11: 266 | H11: =IF(F11=G11,"-",IF((F11=0),"##",IF(ABS((G11/F11-1)*100)>=500,"##",(G11/F11-1)*100))) -> -38.709677 | I11: =C11+F11 -> 511 | J11: =D11+G11 -> 345 | K11: =IF(I11=J11,"-",IF((I11=0),"##",IF(ABS((J11/I11-1)*100)>=500,"##",(J11/I11-1)*100))) -> -32.485323
A12: Atlantic | C12: =SUM(C8:C11) -> 291 | D12: =SUM(D8:D11) -> 303 | E12: =IF(C12=D12,"-",IF((C12=0),"##",IF(ABS((D12/C12-1)*100)>=500,"##",(D12/C12-1)*100))) -> 4.1237113 | F12: =SUM(F8:F11) -> 805 | G12: =SUM(G8:G11) -> 916 | H12: =IF(F12=G12,"-",IF((F12=0),"##",IF(ABS((G12/F12-1)*100)>=500,"##",(G12/F12-1)*100))) -> 13.78882 | I12: =C12+F12 -> 1096 | J12: =D12+G12 -> 1219 | K12: =IF(I12=J12,"-",IF((I12=0),"##",IF(ABS((J12/I12-1)*100)>=500,"##",(J12/I12-1)*100))) -> 11.222628
A13: Que. | C13: 583 | D13: 344 | E13: =IF(C13=D13,"-",IF((C13=0),"##",IF(ABS((D13/C13-1)*100)>=500,"##",(D13/C13-1)*100))) -> -40.994854 | F13: 3952 | G13: 3274 | H13: =IF(F13=G13,"-",IF((F13=0),"##",IF(ABS((G13/F13-1)*100)>=500,"##",(G13/F13-1)*100))) -> -17.15587 | I13: =C13+F13 -> 4535 | J13: =D13+G13 -> 3618 | K13: =IF(I13=J13,"-",IF((I13=0),"##",IF(ABS((J13/I13-1)*100)>=500,"##",(J13/I13-1)*100))) -> -20.220507
A14: Ont. | C14: 1700 | D14: 1870 | E14: =IF(C14=D14,"-",IF((C14=0),"##",IF(ABS((D14/C14-1)*100)>=500,"##",(D14/C14-1)*100))) -> 10 | F14: 3989 | G14: 3576 | H14: =IF(F14=G14,"-",IF((F14=0),"##",IF(ABS((G14/F14-1)*100)>=500,"##",(G14/F14-1)*100))) -> -10.353472 | I14: =C14+F14 -> 5689 | J14: =D14+G14 -> 5446 | K14: =IF(I14=J14,"-",IF((I14=0),"##",IF(ABS((J14/I14-1)*100)>=500,"##",(J14/I14-1)*100))) -> -4.2714009
A15: Man. | C15: 174 | D15: 187 | E15: =IF(C15=D15,"-",IF((C15=0),"##",IF(ABS((D15/C15-1)*100)>=500,"##",(D15/C15-1)*100))) -> 7.4712644 | F15: 336 | G15: 374 | H15: =IF(F15=G15,"-",IF((F15=0),"##",IF(ABS((G15/F15-1)*100)>=500,"##",(G15/F15-1)*100))) -> 11.309524 | I15: =C15+F15 -> 510 | J15: =D15+G15 -> 561 | K15: =IF(I15=J15,"-",IF((I15=0),"##",IF(ABS((J15/I15-1)*100)>=500,"##",(J15/I15-1)*100))) -> 10
A16: Sask. | C16: 137 | D16: 125 | E16: =IF(C16=D16,"-",IF((C16=0),"##",IF(ABS((D16/C16-1)*100)>=500,"##",(D16/C16-1)*100))) -> -8.7591241 | F16: 128 | G16: 128 | H16: =IF(F16=G16,"-",IF((F16=0),"##",IF(ABS((G16/F16-1)*100)>=500,"##",(G16/F16-1)*100))) -> - | I16: =C16+F16 -> 265 | J16: =D16+G16 -> 253 | K16: =IF(I16=J16,"-",IF((I16=0),"##",IF(ABS((J16/I16-1)*100)>=500,"##",(J16/I16-1)*100))) -> -4.5283019
A17: Alta. | C17: 914 | D17: 1104 | E17: =IF(C17=D17,"-",IF((C17=0),"##",IF(ABS((D17/C17-1)*100)>=500,"##",(D17/C17-1)*100))) -> 20.787746 | F17: 1525 | G17: 1398 | H17: =IF(F17=G17,"-",IF((F17=0),"##",IF(ABS((G17/F17-1)*100)>=500,"##",(G17/F17-1)*100))) -> -8.3278689 | I17: =C17+F17 -> 2439 | J17: =D17+G17 -> 2502 | K17: =IF(I17=J17,"-",IF((I17=0),"##",IF(ABS((J17/I17-1)*100)>=500,"##",(J17/I17-1)*100))) -> 2.5830258
A18: Prairies | C18: =SUM(C15:C17) -> 1225 | D18: =SUM(D15:D17) -> 1416 | E18: =IF(C18=D18,"-",IF((C18=0),"##",IF(ABS((D18/C18-1)*100)>=500,"##",(D18/C18-1)*100))) -> 15.591837 | F18: =SUM(F15:F17) -> 1989 | G18: =SUM(G15:G17) -> 1900 | H18: =IF(F18=G18,"-",IF((F18=0),"##",IF(ABS((G18/F18-1)*100)>=500,"##",(G18/F18-1)*100))) -> -4.4746104 | I18: =C18+F18 -> 3214 | J18: =D18+G18 -> 3316 | K18: =IF(I18=J18,"-",IF((I18=0),"##",IF(ABS((J18/I18-1)*100)>=500,"##",(J18/I18-1)*100))) -> 3.1736154
A19: B.C. | C19: 536 | D19: 679 | E19: =IF(C19=D19,"-",IF((C19=0),"##",IF(ABS((D19/C19-1)*100)>=500,"##",(D19/C19-1)*100))) -> 26.679104 | F19: 2714 | G19: 3519 | H19: =IF(F19=G19,"-",IF((F19=0),"##",IF(ABS((G19/F19-1)*100)>=500,"##",(G19/F19-1)*100))) -> 29.661017 | I19: =C19+F19 -> 3250 | J19: =D19+G19 -> 4198 | K19: =IF(I19=J19,"-",IF((I19=0),"##",IF(ABS((J19/I19-1)*100)>=500,"##",(J19/I19-1)*100))) -> 29.169231
A20: Canada | C20: =SUM(C12:C14,C18:C19) -> 4335 | D20: =SUM(D12:D14,D18:D19) -> 4612 | E20: =IF(C20=D20,"-",IF((C20=0),"##",IF(ABS((D20/C20-1)*100)>=500,"##",(D20/C20-1)*100))) -> 6.3898501 | F20: =SUM(F12:F14,F18:F19) -> 13449 | G20: =SUM(G12:G14,G18:G19) -> 13185 | H20: =IF(F20=G20,"-",IF((F20=0),"##",IF(ABS((G20/F20-1)*100)>=500,"##",(G20/F20-1)*100))) -> -1.9629712 | I20: =C20+F20 -> 17784 | J20: =D20+G20 -> 17797 | K20: =IF(I20=J20,"-",IF((I20=0),"##",IF(ABS((J20/I20-1)*100)>=500,"##",(J20/I20-1)*100))) -> 0.073099415
A21: Metropolitan Areas
A23: Abbotsford-Mission | C23: 30 | D23: 18 | E23: =IF(C23=D23,"-",IF((C23=0),"##",IF(ABS((D23/C23-1)*100)>=500,"##",(D23/C23-1)*100))) -> -40 | F23: 13 | G23: 165 | H23: =IF(F23=G23,"-",IF((F23=0),"##",IF(ABS((G23/F23-1)*100)>=500,"##",(G23/F23-1)*100))) -> ## | I23: =C23+F23 -> 43 | J23: =D23+G23 -> 183 | K23: =IF(I23=J23,"-",IF((I23=0),"##",IF(ABS((J23/I23-1)*100)>=500,"##",(J23/I23-1)*100))) -> 325.5814
A24: Barrie | C24: 34 | D24: 90 | E24: =IF(C24=D24,"-",IF((C24=0),"##",IF(ABS((D24/C24-1)*100)>=500,"##",(D24/C24-1)*100))) -> 164.70588 | F24: 6 | G24: 62 | H24: =IF(F24=G24,"-",IF((F24=0),"##",IF(ABS((G24/F24-1)*100)>=500,"##",(G24/F24-1)*100))) -> ## | I24: =C24+F24 -> 40 | J24: =D24+G24 -> 152 | K24: =IF(I24=J24,"-",IF((I24=0),"##",IF(ABS((J24/I24-1)*100)>=500,"##",(J24/I24-1)*100))) -> 280
A25: Belleville | C25: 37 | D25: 25 | E25: =IF(C25=D25,"-",IF((C25=0),"##",IF(ABS((D25/C25-1)*100)>=500,"##",(D25/C25-1)*100))) -> -32.432432 | F25: 14 | G25: 8 | H25: =IF(F25=G25,"-",IF((F25=0),"##",IF(ABS((G25/F25-1)*100)>=500,"##",(G25/F25-1)*100))) -> -42.857143 | I25: =C25+F25 -> 51 | J25: =D25+G25 -> 33 | K25: =IF(I25=J25,"-",IF((I25=0),"##",IF(ABS((J25/I25-1)*100)>=500,"##",(J25/I25-1)*100))) -> -35.294118
A26: Brantford | C26: 31 | D26: 153 | E26: =IF(C26=D26,"-",IF((C26=0),"##",IF(ABS((D26/C26-1)*100)>=500,"##",(D26/C26-1)*100))) -> 393.54839 | F26: 81 | G26: 2 | H26: =IF(F26=G26,"-",IF((F26=0),"##",IF(ABS((G26/F26-1)*100)>=500,"##",(G26/F26-1)*100))) -> -97.530864 | I26: =C26+F26 -> 112 | J26: =D26+G26 -> 155 | K26: =IF(I26=J26,"-",IF((I26=0),"##",IF(ABS((J26/I26-1)*100)>=500,"##",(J26/I26-1)*100))) -> 38.392857
A27: Calgary | C27: 402 | D27: 473 | E27: =IF(C27=D27,"-",IF((C27=0),"##",IF(ABS((D27/C27-1)*100)>=500,"##",(D27/C27-1)*100))) -> 17.661692 | F27: 438 | G27: 682 | H27: =IF(F27=G27,"-",IF((F27=0),"##",IF(ABS((G27/F27-1)*100)>=500,"##",(G27/F27-1)*100))) -> 55.707763 | I27: =C27+F27 -> 840 | J27: =D27+G27 -> 1155 | K27: =IF(I27=J27,"-",IF((I27=0),"##",IF(ABS((J27/I27-1)*100)>=500,"##",(J27/I27-1)*100))) -> 37.5
A28: Edmonton | C28: 377 | D28: 445 | E28: =IF(C28=D28,"-",IF((C28=0),"##",IF(ABS((D28/C28-1)*100)>=500,"##",(D28/C28-1)*100))) -> 18.037135 | F28: 1009 | G28: 615 | H28: =IF(F28=G28,"-",IF((F28=0),"##",IF(ABS((G28/F28-1)*100)>=500,"##",(G28/F28-1)*100))) -> -39.048563 | I28: =C28+F28 -> 1386 | J28: =D28+G28 -> 1060 | K28: =IF(I28=J28,"-",IF((I28=0),"##",IF(ABS((J28/I28-1)*100)>=500,"##",(J28/I28-1)*100))) -> -23.520924
A29: Greater/Grand Sudbury | C29: 6 | D29: 8 | E29: =IF(C29=D29,"-",IF((C29=0),"##",IF(ABS((D29/C29-1)*100)>=500,"##",(D29/C29-1)*100))) -> 33.333333 | F29: 8 | G29: 4 | H29: =IF(F29=G29,"-",IF((F29=0),"##",IF(ABS((G29/F29-1)*100)>=500,"##",(G29/F29-1)*100))) -> -50 | I29: =C29+F29 -> 14 | J29: =D29+G29 -> 12 | K29: =IF(I29=J29,"-",IF((I29=0),"##",IF(ABS((J29/I29-1)*100)>=500,"##",(J29/I29-1)*100))) -> -14.285714
A30: Guelph | C30: 21 | D30: 8 | E30: =IF(C30=D30,"-",IF((C30=0),"##",IF(ABS((D30/C30-1)*100)>=500,"##",(D30/C30-1)*100))) -> -61.904762 | F30: 87 | G30: 32 | H30: =IF(F30=G30,"-",IF((F30=0),"##",IF(ABS((G30/F30-1)*100)>=500,"##",(G30/F30-1)*100))) -> -63.218391 | I30: =C30+F30 -> 108 | J30: =D30+G30 -> 40 | K30: =IF(I30=J30,"-",IF((I30=0),"##",IF(ABS((J30/I30-1)*100)>=500,"##",(J30/I30-1)*100))) -> -62.962963
A31: Halifax | C31: 75 | D31: 86 | E31: =IF(C31=D31,"-",IF((C31=0),"##",IF(ABS((D31/C31-1)*100)>=500,"##",(D31/C31-1)*100))) -> 14.666667 | F31: 253 | G31: 495 | H31: =IF(F31=G31,"-",IF((F31=0),"##",IF(ABS((G31/F31-1)*100)>=500,"##",(G31/F31-1)*100))) -> 95.652174 | I31: =C31+F31 -> 328 | J31: =D31+G31 -> 581 | K31: =IF(I31=J31,"-",IF((I31=0),"##",IF(ABS((J31/I31-1)*100)>=500,"##",(J31/I31-1)*100))) -> 77.134146
A32: Hamilton | C32: 45 | D32: 41 | E32: =IF(C32=D32,"-",IF((C32=0),"##",IF(ABS((D32/C32-1)*100)>=500,"##",(D32/C32-1)*100))) -> -8.8888889 | F32: 281 | G32: 261 | H32: =IF(F32=G32,"-",IF((F32=0),"##",IF(ABS((G32/F32-1)*100)>=500,"##",(G32/F32-1)*100))) -> -7.1174377 | I32: =C32+F32 -> 326 | J32: =D32+G32 -> 302 | K32: =IF(I32=J32,"-",IF((I32=0),"##",IF(ABS((J32/I32-1)*100)>=500,"##",(J32/I32-1)*100))) -> -7.3619632
A33: Kelowna | C33: 0 | D33: 106 | E33: =IF(C33=D33,"-",IF((C33=0),"##",IF(ABS((D33/C33-1)*100)>=500,"##",(D33/C33-1)*100))) -> ## | F33: 0 | G33: 457 | H33: =IF(F33=G33,"-",IF((F33=0),"##",IF(ABS((G33/F33-1)*100)>=500,"##",(G33/F33-1)*100))) -> ## | I33: =C33+F33 -> 0 | J33: =D33+G33 -> 563 | K33: =IF(I33=J33,"-",IF((I33=0),"##",IF(ABS((J33/I33-1)*100)>=500,"##",(J33/I33-1)*100))) -> ##
A34: Kingston | C34: 20 | D34: 28 | E34: =IF(C34=D34,"-",IF((C34=0),"##",IF(ABS((D34/C34-1)*100)>=500,"##",(D34/C34-1)*100))) -> 40 | F34: 37 | G34: 17 | H34: =IF(F34=G34,"-",IF((F34=0),"##",IF(ABS((G34/F34-1)*100)>=500,"##",(G34/F34-1)*100))) -> -54.054054 | I34: =C34+F34 -> 57 | J34: =D34+G34 -> 45 | K34: =IF(I34=J34,"-",IF((I34=0),"##",IF(ABS((J34/I34-1)*100)>=500,"##",(J34/I34-1)*100))) -> -21.052632
... A40: Oshawa | C40: 67 | D40: 33 | E40: =IF(C40=D40,"-",IF((C40=0),"##",IF(ABS((D40/C40-1)*100)>=500,"##",(D40/C40-1)*100))) -> -50.746269 | F40: 97 | G40: 19 | H40: =IF(F40=G40,"-",IF((F40=0),"##",IF(ABS((G40/F40-1)*100)>=500,"##",(G40/F40-1)*100))) -> -80.412371 | I40: =C40+F40 -> 164 | J40: =D40+G40 -> 52 | K40: =IF(I40=J40,"-",IF((I40=0),"##",IF(ABS((J40/I40-1)*100)>=500,"##",(J40/I40-1)*100))) -> -68.292683
A41: Ottawa-Gatineau | C41: =SUM(C42:C43) -> 262 | D41: =SUM(D42:D43) -> 223 | E41: =IF(C41=D41,"-",IF((C41=0),"##",IF(ABS((D41/C41-1)*100)>=500,"##",(D41/C41-1)*100))) -> -14.885496 | F41: =SUM(F42:F43) -> 812 | G41: =SUM(G42:G43) -> 170 | H41: =IF(F41=G41,"-",IF((F41=0),"##",IF(ABS((G41/F41-1)*100)>=500,"##",(G41/F41-1)*100))) -> -79.064039 | I41: =C41+F41 -> 1074 | J41: =D41+G41 -> 393 | K41: =IF(I41=J41,"-",IF((I41=0),"##",IF(ABS((J41/I41-1)*100)>=500,"##",(J41/I41-1)*100))) -> -63.407821
A42: Gatineau | C42: 59 | D42: 17 | E42: =IF(C42=D42,"-",IF((C42=0),"##",IF(ABS((D42/C42-1)*100)>=500,"##",(D42/C42-1)*100))) -> -71.186441 | F42: 248 | G42: 11 | H42: =IF(F42=G42,"-",IF((F42=0),"##",IF(ABS((G42/F42-1)*100)>=500,"##",(G42/F42-1)*100))) -> -95.564516 | I42: =C42+F42 -> 307 | J42: =D42+G42 -> 28 | K42: =IF(I42=J42,"-",IF((I42=0),"##",IF(ABS((J42/I42-1)*100)>=500,"##",(J42/I42-1)*100))) -> -90.879479
A43: Ottawa | C43: 203 | D43: 206 | E43: =IF(C43=D43,"-",IF((C43=0),"##",IF(ABS((D43/C43-1)*100)>=500,"##",(D43/C43-1)*100))) -> 1.4778325 | F43: 564 | G43: 159 | H43: =IF(F43=G43,"-",IF((F43=0),"##",IF(ABS((G43/F43-1)*100)>=500,"##",(G43/F43-1)*100))) -> -71.808511 | I43: =C43+F43 -> 767 | J43: =D43+G43 -> 365 | K43: =IF(I43=J43,"-",IF((I43=0),"##",IF(ABS((J43/I43-1)*100)>=500,"##",(J43/I43-1)*100))) -> -52.411995
A44: Peterborough | C44: 25 | D44: 39 | E44: =IF(C44=D44,"-",IF((C44=0),"##",IF(ABS((D44/C44-1)*100)>=500,"##",(D44/C44-1)*100))) -> 56 | F44: 0 | G44: 0 | H44: =IF(F44=G44,"-",IF((F44=0),"##",IF(ABS((G44/F44-1)*100)>=500,"##",(G44/F44-1)*100))) -> - | I44: =C44+F44 -> 25 | J44: =D44+G44 -> 39 | K44: =IF(I44=J44,"-",IF((I44=0),"##",IF(ABS((J44/I44-1)*100)>=500,"##",(J44/I44-1)*100))) -> 56
A45: Québec | C45: 44 | D45: 50 | E45: =IF(C45=D45,"-",IF((C45=0),"##",IF(ABS((D45/C45-1)*100)>=500,"##",(D45/C45-1)*100))) -> 13.636364 | F45: 397 | G45: 605 | H45: =IF(F45=G45,"-",IF((F45=0),"##",IF(ABS((G45/F45-1)*100)>=500,"##",(G45/F45-1)*100))) -> 52.392947 | I45: =C45+F45 -> 441 | J45: =D45+G45 -> 655 | K45: =IF(I45=J45,"-",IF((I45=0),"##",IF(ABS((J45/I45-1)*100)>=500,"##",(J45/I45-1)*100))) -> 48.526077
A46: Regina | C46: 47 | D46: 33 | E46: =IF(C46=D46,"-",IF((C46=0),"##",IF(ABS((D46/C46-1)*100)>=500,"##",(D46/C46-1)*100))) -> -29.787234 | F46: 49 | G46: 56 | H46: =IF(F46=G46,"-",IF((F46=0),"##",IF(ABS((G46/F46-1)*100)>=500,"##",(G46/F46-1)*100))) -> 14.285714 | I46: =C46+F46 -> 96 | J46: =D46+G46 -> 89 | K46: =IF(I46=J46,"-",IF((I46=0),"##",IF(ABS((J46/I46-1)*100)>=500,"##",(J46/I46-1)*100))) -> -7.2916667
A47: Saguenay | C47: 22 | D47: 10 | E47: =IF(C47=D47,"-",IF((C47=0),"##",IF(ABS((D47/C47-1)*100)>=500,"##",(D47/C47-1)*100))) -> -54.545455 | F47: 64 | G47: 30 | H47: =IF(F47=G47,"-",IF((F47=0),"##",IF(ABS((G47/F47-1)*100)>=500,"##",(G47/F47-1)*100))) -> -53.125 | I47: =C47+F47 -> 86 | J47: =D47+G47 -> 40 | K47: =IF(I47=J47,"-",IF((I47=0),"##",IF(ABS((J47/I47-1)*100)>=500,"##",(J47/I47-1)*100))) -> -53.488372
A48: St. Catharines-Niagara | C48: 153 | D48: 62 | E48: =IF(C48=D48,"-",IF((C48=0),"##",IF(ABS((D48/C48-1)*100)>=500,"##",(D48/C48-1)*100))) -> -59.477124 | F48: 79 | G48: 101 | H48: =IF(F48=G48,"-",IF((F48=0),"##",IF(ABS((G48/F48-1)*100)>=500,"##",(G48/F48-1)*100))) -> 27.848101 | I48: =C48+F48 -> 232 | J48: =D48+G48 -> 163 | K48: =IF(I48=J48,"-",IF((I48=0),"##",IF(ABS((J48/I48-1)*100)>=500,"##",(J48/I48-1)*100))) -> -29.741379
A49: Saint John | C49: 29 | D49: 28 | E49: =IF(C49=D49,"-",IF((C49=0),"##",IF(ABS((D49/C49-1)*100)>=500,"##",(D49/C49-1)*100))) -> -3.4482759 | F49: 0 | G49: 60 | H49: =IF(F49=G49,"-",IF((F49=0),"##",IF(ABS((G49/F49-1)*100)>=500,"##",(G49/F49-1)*100))) -> ## | I49: =C49+F49 -> 29 | J49: =D49+G49 -> 88 | K49: =IF(I49=J49,"-",IF((I49=0),"##",IF(ABS((J49/I49-1)*100)>=500,"##",(J49/I49-1)*100))) -> 203.44828
A50: St. John's | C50: 44 | D50: 52 | E50: =IF(C50=D50,"-",IF((C50=0),"##",IF(ABS((D50/C50-1)*100)>=500,"##",(D50/C50-1)*100))) -> 18.181818 | F50: 6 | G50: 24 | H50: =IF(F50=G50,"-",IF((F50=0),"##",IF(ABS((G50/F50-1)*100)>=500,"##",(G50/F50-1)*100))) -> 300 | I50: =C50+F50 -> 50 | J50: =D50+G50 -> 76 | K50: =IF(I50=J50,"-",IF((I50=0),"##",IF(ABS((J50/I50-1)*100)>=500,"##",(J50/I50-1)*100))) -> 52
A51: Saskatoon | C51: 83 | D51: 85 | E51: =IF(C51=D51,"-",IF((C51=0),"##",IF(ABS((D51/C51-1)*100)>=500,"##",(D51/C51-1)*100))) -> 2.4096386 | F51: 74 | G51: 64 | H51: =IF(F51=G51,"-",IF((F51=0),"##",IF(ABS((G51/F51-1)*100)>=500,"##",(G51/F51-1)*100))) -> -13.513514 | I51: =C51+F51 -> 157 | J51: =D51+G51 -> 149 | K51: =IF(I51=J51,"-",IF((I51=0),"##",IF(ABS((J51/I51-1)*100)>=500,"##",(J51/I51-1)*100))) -> -5.0955414
A52: Sherbrooke | C52: 53 | D52: 17 | E52: =IF(C52=D52,"-",IF((C52=0),"##",IF(ABS((D52/C52-1)*100)>=500,"##",(D52/C52-1)*100))) -> -67.924528 | F52: 103 | G52: 260 | H52: =IF(F52=G52,"-",IF((F52=0),"##",IF(ABS((G52/F52-1)*100)>=500,"##",(G52/F52-1)*100))) -> 152.42718 | I52: =C52+F52 -> 156 | J52: =D52+G52 -> 277 | K52: =IF(I52=J52,"-",IF((I52=0),"##",IF(ABS((J52/I52-1)*100)>=500,"##",(J52/I52-1)*100))) -> 77.564103
A53: Thunder Bay | C53: 1 | D53: 11 | E53: =IF(C53=D53,"-",IF((C53=0),"##",IF(ABS((D53/C53-1)*100)>=500,"##",(D53/C53-1)*100))) -> ## | F53: 0 | G53: 0 | H53: =IF(F53=G53,"-",IF((F53=0),"##",IF(ABS((G53/F53-1)*100)>=500,"##",(G53/F53-1)*100))) -> - | I53: =C53+F53 -> 1 | J53: =D53+G53 -> 11 | K53: =IF(I53=J53,"-",IF((I53=0),"##",IF(ABS((J53/I53-1)*100)>=500,"##",(J53/I53-1)*100))) -> ##
... A59: Winnipeg | C59: 136 | D59: 149 | E59: =IF(C59=D59,"-",IF((C59=0),"##",IF(ABS((D59/C59-1)*100)>=500,"##",(D59/C59-1)*100))) -> 9.5588235 | F59: 179 | G59: 333 | H59: =IF(F59=G59,"-",IF((F59=0),"##",IF(ABS((G59/F59-1)*100)>=500,"##",(G59/F59-1)*100))) -> 86.03352 | I59: =C59+F59 -> 315 | J59: =D59+G59 -> 482 | K59: =IF(I59=J59,"-",IF((I59=0),"##",IF(ABS((J59/I59-1)*100)>=500,"##",(J59/I59-1)*100))) -> 53.015873
A60: Total | C60: =SUM(C23:C41,C44:C59) -> 3271 | D60: =SUM(D23:D41,D44:D59) -> 3477 | E60: =IF(C60=D60,"-",IF((C60=0),"##",IF(ABS((D60/C60-1)*100)>=500,"##",(D60/C60-1)*100))) -> 6.2977683 | F60: =SUM(F23:F41,F44:F59) -> 11827 | G60: =SUM(G23:G41,G44:G59) -> 11645 | H60: =IF(F60=G60,"-",IF((F60=0),"##",IF(ABS((G60/F60-1)*100)>=500,"##",(G60/F60-1)*100))) -> -1.5388518 | I60: =C60+F60 -> 15098 | J60: =D60+G60 -> 15122 | K60: =IF(I60=J60,"-",IF((I60=0),"##",IF(ABS((J60/I60-1)*100)>=500,"##",(J60/I60-1)*100))) -> 0.15896145
A61: =Titles!$A$8 -> Data for 2020 and 2021 based on 2016 Census Definitions.
A62: =Titles!$A$10 -> Source: CMHC Starts and Completion Survey, Market Absorption Survey
A69: CMA total -new CMA's | D69: =SUM(D60-D24-D26-D30-D33-D38-D44) -> 3064 | G69: =SUM(G60-G24-G26-G30-G33-G38-G44) -> 10951 | J69: =SUM(J60-J24-J26-J30-J33-J38-J44) -> 14015

Sheet Table 2
A1: Table 2
A2: =Titles!A2 -> Housing Start Data in Centres 10,000 Population and Over
A4: =Titles!A5 -> January - December 2020 - 2021
A5: Area | C5: Single-Detached | F5: All Others | I5: Total
A6: Province
C7: 2020 | D7: 2021 | E7: % | F7: 2020 | G7: 2021 | H7: % | I7: 2020 | J7: 2021 | K7: %
A8: Nfld.Lab. | C8: 407 | D8: 492 | E8: =IF(C8=D8,"-",IF((C8=0),"##",IF(ABS((D8/C8-1)*100)>=500,"##",(D8/C8-1)*100))) -> 20.884521 | F8: 99 | G8: 141 | H8: =IF(F8=G8,"-",IF((F8=0),"##",IF(ABS((G8/F8-1)*100)>=500,"##",(G8/F8-1)*100))) -> 42.424242 | I8: =C8+F8 -> 506 | J8: =D8+G8 -> 633 | K8: =IF(I8=J8,"-",IF((I8=0),"##",IF(ABS((J8/I8-1)*100)>=500,"##",(J8/I8-1)*100))) -> 25.098814
A9: P.E.I. | C9: 282 | D9: 413 | E9: =IF(C9=D9,"-",IF((C9=0),"##",IF(ABS((D9/C9-1)*100)>=500,"##",(D9/C9-1)*100))) -> 46.453901 | F9: 713 | G9: 522 | H9: =IF(F9=G9,"-",IF((F9=0),"##",IF(ABS((G9/F9-1)*100)>=500,"##",(G9/F9-1)*100))) -> -26.788219 | I9: =C9+F9 -> 995 | J9: =D9+G9 -> 935 | K9: =IF(I9=J9,"-",IF((I9=0),"##",IF(ABS((J9/I9-1)*100)>=500,"##",(J9/I9-1)*100))) -> -6.0301508
A10: N.S. | C10: 1575 | D10: 1798 | E10: =IF(C10=D10,"-",IF((C10=0),"##",IF(ABS((D10/C10-1)*100)>=500,"##",(D10/C10-1)*100))) -> 14.15873 | F10: 2803 | G10: 3512 | H10: =IF(F10=G10,"-",IF((F10=0),"##",IF(ABS((G10/F10-1)*100)>=500,"##",(G10/F10-1)*100))) -> 25.294328 | I10: =C10+F10 -> 4378 | J10: =D10+G10 -> 5310 | K10: =IF(I10=J10,"-",IF((I10=0),"##",IF(ABS((J10/I10-1)*100)>=500,"##",(J10/I10-1)*100))) -> 21.288259
A11: N.B. | C11: 772 | D11: 1002 | E11: =IF(C11=D11,"-",IF((C11=0),"##",IF(ABS((D11/C11-1)*100)>=500,"##",(D11/C11-1)*100))) -> 29.792746 | F11: 2390 | G11: 2346 | H11: =IF(F11=G11,"-",IF((F11=0),"##",IF(ABS((G11/F11-1)*100)>=500,"##",(G11/F11-1)*100))) -> -1.8410042 | I11: =C11+F11 -> 3162 | J11: =D11+G11 -> 3348 | K11: =IF(I11=J11,"-",IF((I11=0),"##",IF(ABS((J11/I11-1)*100)>=500,"##",(J11/I11-1)*100))) -> 5.8823529
A12: Atlantic | C12: =SUM(C8:C11) -> 3036 | D12: =SUM(D8:D11) -> 3705 | E12: =IF(C12=D12,"-",IF((C12=0),"##",IF(ABS((D12/C12-1)*100)>=500,"##",(D12/C12-1)*100))) -> 22.035573 | F12: =SUM(F8:F11) -> 6005 | G12: =SUM(G8:G11) -> 6521 | H12: =IF(F12=G12,"-",IF((F12=0),"##",IF(ABS((G12/F12-1)*100)>=500,"##",(G12/F12-1)*100))) -> 8.5928393 | I12: =C12+F12 -> 9041 | J12: =D12+G12 -> 10226 | K12: =IF(I12=J12,"-",IF((I12=0),"##",IF(ABS((J12/I12-1)*100)>=500,"##",(J12/I12-1)*100))) -> 13.106957
A13: Que. | C13: 6866 | D13: 8521 | E13: =IF(C13=D13,"-",IF((C13=0),"##",IF(ABS((D13/C13-1)*100)>=500,"##",(D13/C13-1)*100))) -> 24.104282 | F13: 40366 | G13: 48788 | H13: =IF(F13=G13,"-",IF((F13=0),"##",IF(ABS((G13/F13-1)*100)>=500,"##",(G13/F13-1)*100))) -> 20.864094 | I13: =C13+F13 -> 47232 | J13: =D13+G13 -> 57309 | K13: =IF(I13=J13,"-",IF((I13=0),"##",IF(ABS((J13/I13-1)*100)>=500,"##",(J13/I13-1)*100))) -> 21.335112
A14: Ont. | C14: 20921 | D14: 25755 | E14: =IF(C14=D14,"-",IF((C14=0),"##",IF(ABS((D14/C14-1)*100)>=500,"##",(D14/C14-1)*100))) -> 23.10597 | F14: 57995 | G14: 66529 | H14: =IF(F14=G14,"-",IF((F14=0),"##",IF(ABS((G14/F14-1)*100)>=500,"##",(G14/F14-1)*100))) -> 14.715062 | I14: =C14+F14 -> 78916 | J14: =D14+G14 -> 92284 | K14: =IF(I14=J14,"-",IF((I14=0),"##",IF(ABS((J14/I14-1)*100)>=500,"##",(J14/I14-1)*100))) -> 16.939531
A15: Man. | C15: 1986 | D15: 2647 | E15: =IF(C15=D15,"-",IF((C15=0),"##",IF(ABS((D15/C15-1)*100)>=500,"##",(D15/C15-1)*100))) -> 33.282981 | F15: 4217 | G15: 3953 | H15: =IF(F15=G15,"-",IF((F15=0),"##",IF(ABS((G15/F15-1)*100)>=500,"##",(G15/F15-1)*100))) -> -6.2603747 | I15: =C15+F15 -> 6203 | J15: =D15+G15 -> 6600 | K15: =IF(I15=J15,"-",IF((I15=0),"##",IF(ABS((J15/I15-1)*100)>=500,"##",(J15/I15-1)*100))) -> 6.400129
A16: Sask. | C16: 1143 | D16: 1448 | E16: =IF(C16=D16,"-",IF((C16=0),"##",IF(ABS((D16/C16-1)*100)>=500,"##",(D16/C16-1)*100))) -> 26.684164 | F16: 1660 | G16: 2302 | H16: =IF(F16=G16,"-",IF((F16=0),"##",IF(ABS((G16/F16-1)*100)>=500,"##",(G16/F16-1)*100))) -> 38.674699 | I16: =C16+F16 -> 2803 | J16: =D16+G16 -> 3750 | K16: =IF(I16=J16,"-",IF((I16=0),"##",IF(ABS((J16/I16-1)*100)>=500,"##",(J16/I16-1)*100))) -> 33.78523
A17: Alta. | C17: 8976 | D17: 13323 | E17: =IF(C17=D17,"-",IF((C17=0),"##",IF(ABS((D17/C17-1)*100)>=500,"##",(D17/C17-1)*100))) -> 48.429144 | F17: 14067 | G17: 17289 | H17: =IF(F17=G17,"-",IF((F17=0),"##",IF(ABS((G17/F17-1)*100)>=500,"##",(G17/F17-1)*100))) -> 22.904671 | I17: =C17+F17 -> 23043 | J17: =D17+G17 -> 30612 | K17: =IF(I17=J17,"-",IF((I17=0),"##",IF(ABS((J17/I17-1)*100)>=500,"##",(J17/I17-1)*100))) -> 32.847286
A18: Prairies | C18: =SUM(C15:C17) -> 12105 | D18: =SUM(D15:D17) -> 17418 | E18: =IF(C18=D18,"-",IF((C18=0),"##",IF(ABS((D18/C18-1)*100)>=500,"##",(D18/C18-1)*100))) -> 43.890954 | F18: =SUM(F15:F17) -> 19944 | G18: =SUM(G15:G17) -> 23544 | H18: =IF(F18=G18,"-",IF((F18=0),"##",IF(ABS((G18/F18-1)*100)>=500,"##",(G18/F18-1)*100))) -> 18.050542 | I18: =C18+F18 -> 32049 | J18: =D18+G18 -> 40962 | K18: =IF(I18=J18,"-",IF((I18=0),"##",IF(ABS((J18/I18-1)*100)>=500,"##",(J18/I18-1)*100))) -> 27.81054
A19: B.C. | C19: 6812 | D19: 8088 | E19: =IF(C19=D19,"-",IF((C19=0),"##",IF(ABS((D19/C19-1)*100)>=500,"##",(D19/C19-1)*100))) -> 18.73165 | F19: 28073 | G19: 35272 | H19: =IF(F19=G19,"-",IF((F19=0),"##",IF(ABS((G19/F19-1)*100)>=500,"##",(G19/F19-1)*100))) -> 25.643857 | I19: =C19+F19 -> 34885 | J19: =D19+G19 -> 43360 | K19: =IF(I19=J19,"-",IF((I19=0),"##",IF(ABS((J19/I19-1)*100)>=500,"##",(J19/I19-1)*100))) -> 24.294109
A20: Canada | C20: =SUM(C12:C14,C18:C19) -> 49740 | D20: =SUM(D12:D14,D18:D19) -> 63487 | E20: =IF(C20=D20,"-",IF((C20=0),"##",IF(ABS((D20/C20-1)*100)>=500,"##",(D20/C20-1)*100))) -> 27.637716 | F20: =SUM(F12:F14,F18:F19) -> 152383 | G20: =SUM(G12:G14,G18:G19) -> 180654 | H20: =IF(F20=G20,"-",IF((F20=0),"##",IF(ABS((G20/F20-1)*100)>=500,"##",(G20/F20-1)*100))) -> 18.552594 | I20: =C20+F20 -> 202123 | J20: =D20+G20 -> 244141 | K20: =IF(I20=J20,"-",IF((I20=0),"##",IF(ABS((J20/I20-1)*100)>=500,"##",(J20/I20-1)*100))) -> 20.788332
A21: Metropolitan Areas
A23: Abbotsford-Mission | C23: 333 | D23: 325 | E23: =IF(C23=D23,"-",IF((C23=0),"##",IF(ABS((D23/C23-1)*100)>=500,"##",(D23/C23-1)*100))) -> -2.4024024 | F23: 777 | G23: 753 | H23: =IF(F23=G23,"-",IF((F23=0),"##",IF(ABS((G23/F23-1)*100)>=500,"##",(G23/F23-1)*100))) -> -3.0888031 | I23: =C23+F23 -> 1110 | J23: =D23+G23 -> 1078 | K23: =IF(I23=J23,"-",IF((I23=0),"##",IF(ABS((J23/I23-1)*100)>=500,"##",(J23/I23-1)*100))) -> -2.8828829
A24: Barrie | C24: 609 | D24: 798 | E24: =IF(C24=D24,"-",IF((C24=0),"##",IF(ABS((D24/C24-1)*100)>=500,"##",(D24/C24-1)*100))) -> 31.034483 | F24: 556 | G24: 1427 | H24: =IF(F24=G24,"-",IF((F24=0),"##",IF(ABS((G24/F24-1)*100)>=500,"##",(G24/F24-1)*100))) -> 156.65468 | I24: =C24+F24 -> 1165 | J24: =D24+G24 -> 2225 | K24: =IF(I24=J24,"-",IF((I24=0),"##",IF(ABS((J24/I24-1)*100)>=500,"##",(J24/I24-1)*100))) -> 90.987124
A25: Belleville | C25: 423 | D25: 383 | E25: =IF(C25=D25,"-",IF((C25=0),"##",IF(ABS((D25/C25-1)*100)>=500,"##",(D25/C25-1)*100))) -> -9.4562648 | F25: 250 | G25: 141 | H25: =IF(F25=G25,"-",IF((F25=0),"##",IF(ABS((G25/F25-1)*100)>=500,"##",(G25/F25-1)*100))) -> -43.6 | I25: =C25+F25 -> 673 | J25: =D25+G25 -> 524 | K25: =IF(I25=J25,"-",IF((I25=0),"##",IF(ABS((J25/I25-1)*100)>=500,"##",(J25/I25-1)*100))) -> -22.139673
A26: Brantford | C26: 660 | D26: 580 | E26: =IF(C26=D26,"-",IF((C26=0),"##",IF(ABS((D26/C26-1)*100)>=500,"##",(D26/C26-1)*100))) -> -12.121212 | F26: 528 | G26: 727 | H26: =IF(F26=G26,"-",IF((F26=0),"##",IF(ABS((G26/F26-1)*100)>=500,"##",(G26/F26-1)*100))) -> 37.689394 | I26: =C26+F26 -> 1188 | J26: =D26+G26 -> 1307 | K26: =IF(I26=J26,"-",IF((I26=0),"##",IF(ABS((J26/I26-1)*100)>=500,"##",(J26/I26-1)*100))) -> 10.016835
A27: Calgary | C27: 3487 | D27: 5512 | E27: =IF(C27=D27,"-",IF((C27=0),"##",IF(ABS((D27/C27-1)*100)>=500,"##",(D27/C27-1)*100))) -> 58.072842 | F27: 5748 | G27: 9505 | H27: =IF(F27=G27,"-",IF((F27=0),"##",IF(ABS((G27/F27-1)*100)>=500,"##",(G27/F27-1)*100))) -> 65.361865 | I27: =C27+F27 -> 9235 | J27: =D27+G27 -> 15017 | K27: =IF(I27=J27,"-",IF((I27=0),"##",IF(ABS((J27/I27-1)*100)>=500,"##",(J27/I27-1)*100))) -> 62.609637
A28: Edmonton | C28: 4138 | D28: 5701 | E28: =IF(C28=D28,"-",IF((C28=0),"##",IF(ABS((D28/C28-1)*100)>=500,"##",(D28/C28-1)*100))) -> 37.77187 | F28: 7374 | G28: 6845 | H28: =IF(F28=G28,"-",IF((F28=0),"##",IF(ABS((G28/F28-1)*100)>=500,"##",(G28/F28-1)*100))) -> -7.1738541 | I28: =C28+F28 -> 11512 | J28: =D28+G28 -> 12546 | K28: =IF(I28=J28,"-",IF((I28=0),"##",IF(ABS((J28/I28-1)*100)>=500,"##",(J28/I28-1)*100))) -> 8.9819319
A29: Greater/Grand Sudbury | C29: 116 | D29: 190 | E29: =IF(C29=D29,"-",IF((C29=0),"##",IF(ABS((D29/C29-1)*100)>=500,"##",(D29/C29-1)*100))) -> 63.793103 | F29: 102 | G29: 244 | H29: =IF(F29=G29,"-",IF((F29=0),"##",IF(ABS((G29/F29-1)*100)>=500,"##",(G29/F29-1)*100))) -> 139.21569 | I29: =C29+F29 -> 218 | J29: =D29+G29 -> 434 | K29: =IF(I29=J29,"-",IF((I29=0),"##",IF(ABS((J29/I29-1)*100)>=500,"##",(J29/I29-1)*100))) -> 99.082569
A30: Guelph | C30: 209 | D30: 192 | E30: =IF(C30=D30,"-",IF((C30=0),"##",IF(ABS((D30/C30-1)*100)>=500,"##",(D30/C30-1)*100))) -> -8.1339713 | F30: 375 | G30: 574 | H30: =IF(F30=G30,"-",IF((F30=0),"##",IF(ABS((G30/F30-1)*100)>=500,"##",(G30/F30-1)*100))) -> 53.066667 | I30: =C30+F30 -> 584 | J30: =D30+G30 -> 766 | K30: =IF(I30=J30,"-",IF((I30=0),"##",IF(ABS((J30/I30-1)*100)>=500,"##",(J30/I30-1)*100))) -> 31.164384
A31: Halifax | C31: 1019 | D31: 935 | E31: =IF(C31=D31,"-",IF((C31=0),"##",IF(ABS((D31/C31-1)*100)>=500,"##",(D31/C31-1)*100))) -> -8.2433759 | F31: 2230 | G31: 2859 | H31: =IF(F31=G31,"-",IF((F31=0),"##",IF(ABS((G31/F31-1)*100)>=500,"##",(G31/F31-1)*100))) -> 28.206278 | I31: =C31+F31 -> 3249 | J31: =D31+G31 -> 3794 | K31: =IF(I31=J31,"-",IF((I31=0),"##",IF(ABS((J31/I31-1)*100)>=500,"##",(J31/I31-1)*100))) -> 16.774392
A32: Hamilton | C32: 529 | D32: 738 | E32: =IF(C32=D32,"-",IF((C32=0),"##",IF(ABS((D32/C32-1)*100)>=500,"##",(D32/C32-1)*100))) -> 39.508507 | F32: 2902 | G32: 3449 | H32: =IF(F32=G32,"-",IF((F32=0),"##",IF(ABS((G32/F32-1)*100)>=500,"##",(G32/F32-1)*100))) -> 18.84907 | I32: =C32+F32 -> 3431 | J32: =D32+G32 -> 4187 | K32: =IF(I32=J32,"-",IF((I32=0),"##",IF(ABS((J32/I32-1)*100)>=500,"##",(J32/I32-1)*100))) -> 22.034392
A33: Kelowna | C33: 383 | D33: 926 | E33: =IF(C33=D33,"-",IF((C33=0),"##",IF(ABS((D33/C33-1)*100)>=500,"##",(D33/C33-1)*100))) -> 141.77546 | F33: 1411 | G33: 2340 | H33: =IF(F33=G33,"-",IF((F33=0),"##",IF(ABS((G33/F33-1)*100)>=500,"##",(G33/F33-1)*100))) -> 65.83983 | I33: =C33+F33 -> 1794 | J33: =D33+G33 -> 3266 | K33: =IF(I33=J33,"-",IF((I33=0),"##",IF(ABS((J33/I33-1)*100)>=500,"##",(J33/I33-1)*100))) -> 82.051282
A34: Kingston | C34: 305 | D34: 396 | E34: =IF(C34=D34,"-",IF((C34=0),"##",IF(ABS((D34/C34-1)*100)>=500,"##",(D34/C34-1)*100))) -> 29.836066 | F34: 736 | G34: 975 | H34: =IF(F34=G34,"-",IF((F34=0),"##",IF(ABS((G34/F34-1)*100)>=500,"##",(G34/F34-1)*100))) -> 32.472826 | I34: =C34+F34 -> 1041 | J34: =D34+G34 -> 1371 | K34: =IF(I34=J34,"-",IF((I34=0),"##",IF(ABS((J34/I34-1)*100)>=500,"##",(J34/I34-1)*100))) -> 31.700288
... A40: Oshawa | C40: 793 | D40: 1407 | E40: =IF(C40=D40,"-",IF((C40=0),"##",IF(ABS((D40/C40-1)*100)>=500,"##",(D40/C40-1)*100))) -> 77.427491 | F40: 1873 | G40: 2456 | H40: =IF(F40=G40,"-",IF((F40=0),"##",IF(ABS((G40/F40-1)*100)>=500,"##",(G40/F40-1)*100))) -> 31.126535 | I40: =C40+F40 -> 2666 | J40: =D40+G40 -> 3863 | K40: =IF(I40=J40,"-",IF((I40=0),"##",IF(ABS((J40/I40-1)*100)>=500,"##",(J40/I40-1)*100))) -> 44.898725
A41: Ottawa-Gatineau | C41: =+SUM(C42+C43) -> 3411 | D41: =+SUM(D42+D43) -> 4003 | E41: =IF(C41=D41,"-",IF((C41=0),"##",IF(ABS((D41/C41-1)*100)>=500,"##",(D41/C41-1)*100))) -> 17.355614 | F41: =+SUM(F42+F43) -> 9623 | G41: =+SUM(G42+G43) -> 9277 | H41: =IF(F41=G41,"-",IF((F41=0),"##",IF(ABS((G41/F41-1)*100)>=500,"##",(G41/F41-1)*100))) -> -3.5955523 | I41: =C41+F41 -> 13034 | J41: =D41+G41 -> 13280 | K41: =IF(I41=J41,"-",IF((I41=0),"##",IF(ABS((J41/I41-1)*100)>=500,"##",(J41/I41-1)*100))) -> 1.8873715
A42: Gatineau | C42: 544 | D42: 727 | E42: =IF(C42=D42,"-",IF((C42=0),"##",IF(ABS((D42/C42-1)*100)>=500,"##",(D42/C42-1)*100))) -> 33.639706 | F42: 2540 | G42: 2332 | H42: =IF(F42=G42,"-",IF((F42=0),"##",IF(ABS((G42/F42-1)*100)>=500,"##",(G42/F42-1)*100))) -> -8.1889764 | I42: =C42+F42 -> 3084 | J42: =D42+G42 -> 3059 | K42: =IF(I42=J42,"-",IF((I42=0),"##",IF(ABS((J42/I42-1)*100)>=500,"##",(J42/I42-1)*100))) -> -0.81063554
A43: Ottawa | C43: 2867 | D43: 3276 | E43: =IF(C43=D43,"-",IF((C43=0),"##",IF(ABS((D43/C43-1)*100)>=500,"##",(D43/C43-1)*100))) -> 14.265783 | F43: 7083 | G43: 6945 | H43: =IF(F43=G43,"-",IF((F43=0),"##",IF(ABS((G43/F43-1)*100)>=500,"##",(G43/F43-1)*100))) -> -1.948327 | I43: =C43+F43 -> 9950 | J43: =D43+G43 -> 10221 | K43: =IF(I43=J43,"-",IF((I43=0),"##",IF(ABS((J43/I43-1)*100)>=500,"##",(J43/I43-1)*100))) -> 2.7236181
A44: Peterborough | C44: 264 | D44: 335 | E44: =IF(C44=D44,"-",IF((C44=0),"##",IF(ABS((D44/C44-1)*100)>=500,"##",(D44/C44-1)*100))) -> 26.893939 | F44: 264 | G44: 289 | H44: =IF(F44=G44,"-",IF((F44=0),"##",IF(ABS((G44/F44-1)*100)>=500,"##",(G44/F44-1)*100))) -> 9.469697 | I44: =C44+F44 -> 528 | J44: =D44+G44 -> 624 | K44: =IF(I44=J44,"-",IF((I44=0),"##",IF(ABS((J44/I44-1)*100)>=500,"##",(J44/I44-1)*100))) -> 18.181818
A45: Québec | C45: 864 | D45: 1123 | E45: =IF(C45=D45,"-",IF((C45=0),"##",IF(ABS((D45/C45-1)*100)>=500,"##",(D45/C45-1)*100))) -> 29.976852 | F45: 5849 | G45: 8266 | H45: =IF(F45=G45,"-",IF((F45=0),"##",IF(ABS((G45/F45-1)*100)>=500,"##",(G45/F45-1)*100))) -> 41.323303 | I45: =C45+F45 -> 6713 | J45: =D45+G45 -> 9389 | K45: =IF(I45=J45,"-",IF((I45=0),"##",IF(ABS((J45/I45-1)*100)>=500,"##",(J45/I45-1)*100))) -> 39.862952
A46: Regina | C46: 288 | D46: 405 | E46: =IF(C46=D46,"-",IF((C46=0),"##",IF(ABS((D46/C46-1)*100)>=500,"##",(D46/C46-1)*100))) -> 40.625 | F46: 478 | G46: 578 | H46: =IF(F46=G46,"-",IF((F46=0),"##",IF(ABS((G46/F46-1)*100)>=500,"##",(G46/F46-1)*100))) -> 20.920502 | I46: =C46+F46 -> 766 | J46: =D46+G46 -> 983 | K46: =IF(I46=J46,"-",IF((I46=0),"##",IF(ABS((J46/I46-1)*100)>=500,"##",(J46/I46-1)*100))) -> 28.328982
A47: Saguenay | C47: 200 | D47: 314 | E47: =IF(C47=D47,"-",IF((C47=0),"##",IF(ABS((D47/C47-1)*100)>=500,"##",(D47/C47-1)*100))) -> 57 | F47: 335 | G47: 279 | H47: =IF(F47=G47,"-",IF((F47=0),"##",IF(ABS((G47/F47-1)*100)>=500,"##",(G47/F47-1)*100))) -> -16.716418 | I47: =C47+F47 -> 535 | J47: =D47+G47 -> 593 | K47: =IF(I47=J47,"-",IF((I47=0),"##",IF(ABS((J47/I47-1)*100)>=500,"##",(J47/I47-1)*100))) -> 10.841121
A48: St. Catharines-Niagara | C48: 1177 | D48: 1123 | E48: =IF(C48=D48,"-",IF((C48=0),"##",IF(ABS((D48/C48-1)*100)>=500,"##",(D48/C48-1)*100))) -> -4.5879354 | F48: 1289 | G48: 1512 | H48: =IF(F48=G48,"-",IF((F48=0),"##",IF(ABS((G48/F48-1)*100)>=500,"##",(G48/F48-1)*100))) -> 17.300233 | I48: =C48+F48 -> 2466 | J48: =D48+G48 -> 2635 | K48: =IF(I48=J48,"-",IF((I48=0),"##",IF(ABS((J48/I48-1)*100)>=500,"##",(J48/I48-1)*100))) -> 6.8532036
A49: Saint John | C49: 206 | D49: 280 | E49: =IF(C49=D49,"-",IF((C49=0),"##",IF(ABS((D49/C49-1)*100)>=500,"##",(D49/C49-1)*100))) -> 35.92233 | F49: 334 | G49: 269 | H49: =IF(F49=G49,"-",IF((F49=0),"##",IF(ABS((G49/F49-1)*100)>=500,"##",(G49/F49-1)*100))) -> -19.461078 | I49: =C49+F49 -> 540 | J49: =D49+G49 -> 549 | K49: =IF(I49=J49,"-",IF((I49=0),"##",IF(ABS((J49/I49-1)*100)>=500,"##",(J49/I49-1)*100))) -> 1.6666667
A50: St. John's | C50: 332 | D50: 425 | E50: =IF(C50=D50,"-",IF((C50=0),"##",IF(ABS((D50/C50-1)*100)>=500,"##",(D50/C50-1)*100))) -> 28.012048 | F50: 86 | G50: 119 | H50: =IF(F50=G50,"-",IF((F50=0),"##",IF(ABS((G50/F50-1)*100)>=500,"##",(G50/F50-1)*100))) -> 38.372093 | I50: =C50+F50 -> 418 | J50: =D50+G50 -> 544 | K50: =IF(I50=J50,"-",IF((I50=0),"##",IF(ABS((J50/I50-1)*100)>=500,"##",(J50/I50-1)*100))) -> 30.143541
A51: Saskatoon | C51: 774 | D51: 965 | E51: =IF(C51=D51,"-",IF((C51=0),"##",IF(ABS((D51/C51-1)*100)>=500,"##",(D51/C51-1)*100))) -> 24.677003 | F51: 1135 | G51: 1675 | H51: =IF(F51=G51,"-",IF((F51=0),"##",IF(ABS((G51/F51-1)*100)>=500,"##",(G51/F51-1)*100))) -> 47.577093 | I51: =C51+F51 -> 1909 | J51: =D51+G51 -> 2640 | K51: =IF(I51=J51,"-",IF((I51=0),"##",IF(ABS((J51/I51-1)*100)>=500,"##",(J51/I51-1)*100))) -> 38.2923
A52: Sherbrooke | C52: 371 | D52: 502 | E52: =IF(C52=D52,"-",IF((C52=0),"##",IF(ABS((D52/C52-1)*100)>=500,"##",(D52/C52-1)*100))) -> 35.309973 | F52: 1893 | G52: 2099 | H52: =IF(F52=G52,"-",IF((F52=0),"##",IF(ABS((G52/F52-1)*100)>=500,"##",(G52/F52-1)*100))) -> 10.882198 | I52: =C52+F52 -> 2264 | J52: =D52+G52 -> 2601 | K52: =IF(I52=J52,"-",IF((I52=0),"##",IF(ABS((J52/I52-1)*100)>=500,"##",(J52/I52-1)*100))) -> 14.885159
A53: Thunder Bay | C53: 94 | D53: 118 | E53: =IF(C53=D53,"-",IF((C53=0),"##",IF(ABS((D53/C53-1)*100)>=500,"##",(D53/C53-1)*100))) -> 25.531915 | F53: 58 | G53: 75 | H53: =IF(F53=G53,"-",IF((F53=0),"##",IF(ABS((G53/F53-1)*100)>=500,"##",(G53/F53-1)*100))) -> 29.310345 | I53: =C53+F53 -> 152 | J53: =D53+G53 -> 193 | K53: =IF(I53=J53,"-",IF((I53=0),"##",IF(ABS((J53/I53-1)*100)>=500,"##",(J53/I53-1)*100))) -> 26.973684
... A59: Winnipeg | C59: 1652 | D59: 2167 | E59: =IF(C59=D59,"-",IF((C59=0),"##",IF(ABS((D59/C59-1)*100)>=500,"##",(D59/C59-1)*100))) -> 31.174334 | F59: 3388 | G59: 3527 | H59: =IF(F59=G59,"-",IF((F59=0),"##",IF(ABS((G59/F59-1)*100)>=500,"##",(G59/F59-1)*100))) -> 4.1027155 | I59: =C59+F59 -> 5040 | J59: =D59+G59 -> 5694 | K59: =IF(I59=J59,"-",IF((I59=0),"##",IF(ABS((J59/I59-1)*100)>=500,"##",(J59/I59-1)*100))) -> 12.97619
A60: Total | C60: =SUM(C23:C41,C44:C59) -> 38671 | D60: =SUM(D23:D41,D44:D59) -> 48201 | E60: =IF(C60=D60,"-",IF((C60=0),"##",IF(ABS((D60/C60-1)*100)>=500,"##",(D60/C60-1)*100))) -> 24.64379 | F60: =SUM(F23:F41,F44:F59) -> 137436 | G60: =SUM(G23:G41,G44:G59) -> 163083 | H60: =IF(F60=G60,"-",IF((F60=0),"##",IF(ABS((G60/F60-1)*100)>=500,"##",(G60/F60-1)*100))) -> 18.66105 | I60: =C60+F60 -> 176107 | J60: =D60+G60 -> 211284 | K60: =IF(I60=J60,"-",IF((I60=0),"##",IF(ABS((J60/I60-1)*100)>=500,"##",(J60/I60-1)*100))) -> 19.974788
A61: =Titles!A8 -> Data for 2020 and 2021 based on 2016 Census Definitions.
A62: =Titles!A10 -> Source: CMHC Starts and Completion Survey, Market Absorption Survey

Sheet Table 3
A1: Table 3
A2: Dwelling Starts in Urban Centres and Canada, Seasonally Adjusted at Annual Rates
E5: Centres 10,000 Population and Over1
A7: Period | D7: Single- | E7: All | F7: Total | G7: Other | H7: Canada
D8: Detached | E8: Others | G8: Areas
A11: 2019 2 | D11: 46941 | E11: 149788 | F11: =SUM(D11:E11) -> 196729 | G11: 11956 | H11: 208685
A12: 20202 | D12: 49740 | E12: 152383 | F12: =SUM(D12:E12) -> 202123 | G12: 15679 | H12: 217802
A13: 2020 | B13: 1st Q. | D13: 49710 | E13: 136053 | F13: 185763 | G13: 11675 | H13: =IF(SUM(F13,G13)=0,"",SUM(F13,G13)) -> 197438
B14: 2nd Q. | D14: 41706 | E14: 136738 | F14: 178444 | G14: 13968 | H14: =IF(SUM(F14,G14)=0,"",SUM(F14,G14)) -> 192412
B15: 3rd Q. | D15: 50449 | E15: 175711 | F15: 226160 | G15: 14213 | H15: =IF(SUM(F15,G15)=0,"",SUM(F15,G15)) -> 240373
B16: 4th Q. | D16: 57455 | E16: 162475 | F16: 219930 | G16: 23125 | H16: =IF(SUM(F16,G16)=0,"",SUM(F16,G16)) -> 243055
A18: 2021 | B18: 1st Q. | D18: 73117 | E18: 190714 | F18: 263831 | G18: 24986 | H18: =IF(SUM(F18,G18)=0,"",SUM(F18,G18)) -> 288817
B19: 2nd Q. | D19: 66183 | E19: 181952 | F19: 248135 | G19: 29736 | H19: =IF(SUM(F19,G19)=0,"",SUM(F19,G19)) -> 277871
B20: 3rd Q. | D20: 60837 | E20: 174634 | F20: 235471 | G20: 27699 | H20: =IF(SUM(F20,G20)=0,"",SUM(F20,G20)) -> 263170
B21: 4th Q. | D21: 58189 | E21: 179514 | F21: 237703 | G21: 26224 | H21: =IF(SUM(F21,G21)=0,"",SUM(F21,G21)) -> 263927
A22: =A13 -> 2020 | B22: January | D22: 47171 | E22: 148851 | F22: 196022 | G22: 14988 | H22: =IF(SUM(F22,G22)=0,"",SUM(F22,G22)) -> 211010
B23: February | D23: 51364 | E23: 141761 | F23: 193125 | G23: 14663 | H23: =IF(SUM(F23,G23)=0,"",SUM(F23,G23)) -> 207788
B24: March | D24: 55399 | E24: 123854 | F24: 179253 | G24: 13964 | H24: =IF(SUM(F24,G24)=0,"",SUM(F24,G24)) -> 193217
B25: April | D25: 35937 | E25: 119977 | F25: 155914 | G25: 7117 | H25: =IF(SUM(F25,G25)=0,"",SUM(F25,G25)) -> 163031
B26: May | D26: 45476 | E26: 136569 | F26: 182045 | G26: 13384 | H26: =IF(SUM(F26,G26)=0,"",SUM(F26,G26)) -> 195429
B27: June | D27: 43802 | E27: 153679 | F27: 197481 | G27: 13709 | H27: =IF(SUM(F27,G27)=0,"",SUM(F27,G27)) -> 211190
B28: July | D28: 49804 | E28: 180917 | F28: 230721 | G28: 14346 | H28: =IF(SUM(F28,G28)=0,"",SUM(F28,G28)) -> 245067
B29: August | D29: 48253 | E29: 200662 | F29: 248915 | G29: 14178 | H29: =IF(SUM(F29,G29)=0,"",SUM(F29,G29)) -> 263093
B30: September | D30: 51920 | E30: 146036 | F30: 197956 | G30: 14695 | H30: =IF(SUM(F30,G30)=0,"",SUM(F30,G30)) -> 212651
B31: October | D31: 59332 | E31: 148480 | F31: 207812 | G31: 19969 | H31: =IF(SUM(F31,G31)=0,"",SUM(F31,G31)) -> 227781
B32: November | D32: 57118 | E32: 179454 | F32: 236572 | G32: 21220 | H32: =IF(SUM(F32,G32)=0,"",SUM(F32,G32)) -> 257792
B33: December | D33: 52367 | E33: 159291 | F33: 211658 | G33: 21375 | H33: =IF(SUM(F33,G33)=0,"",SUM(F33,G33)) -> 233033
A35: =A18 -> 2021 | B35: January | D35: 77436 | E35: 201480 | F35: 278916 | G35: 36588 | H35: =IF(SUM(F35,G35)=0,"",SUM(F35,G35)) -> 315504
B36: February | D36: 73398 | E36: 161282 | F36: 234680 | G36: 32304 | H36: =IF(SUM(F36,G36)=0,"",SUM(F36,G36)) -> 266984
B37: March | D37: 77009 | E37: 219748 | F37: 296757 | G37: 33358 | H37: =IF(SUM(F37,G37)=0,"",SUM(F37,G37)) -> 330115
B38: April | D38: 78763 | E38: 169989 | F38: 248752 | G38: 27272 | H38: =IF(SUM(F38,G38)=0,"",SUM(F38,G38)) -> 276024
B39: May | D39: 65835 | E39: 188484 | F39: 254319 | G39: 29641 | H39: =IF(SUM(F39,G39)=0,"",SUM(F39,G39)) -> 283960
B40: June | D40: 59997 | E40: 189264 | F40: 249261 | G40: 29079 | H40: =IF(SUM(F40,G40)=0,"",SUM(F40,G40)) -> 278340
B41: July | D41: 62405 | E41: 182300 | F41: 244705 | G41: 29362 | H41: =IF(SUM(F41,G41)=0,"",SUM(F41,G41)) -> 274067
B42: August | D42: 60097 | E42: 172201 | F42: 232298 | G42: 28667 | H42: =IF(SUM(F42,G42)=0,"",SUM(F42,G42)) -> 260965
B43: September | D43: 57400 | E43: 165285 | F43: 222685 | G43: 28353 | H43: =IF(SUM(F43,G43)=0,"",SUM(F43,G43)) -> 251038
B44: October | D44: 57953 | E44: 156454 | F44: 214407 | G44: 23005 | H44: =IF(SUM(F44,G44)=0,"",SUM(F44,G44)) -> 237412
B45: November | D45: 57648 | E45: 222150 | F45: 279798 | G45: 24015 | H45: =IF(SUM(F45,G45)=0,"",SUM(F45,G45)) -> 303813
B46: December | D46: 55231 | E46: 157687 | F46: 212918 | G46: 23188 | H46: =IF(SUM(F46,G46)=0,"",SUM(F46,G46)) -> 236106
A47: =Titles!$A$12 -> 1 Data for 2020 and 2021 based on 2016 Census Definitions.
A48: 2 Data are Actual Dwelling Starts.
A49: =Titles!$A$10 -> Source: CMHC Starts and Completion Survey, Market Absorption Survey

Sheet Table 4
A1: Table 4
A2: Dwelling Starts in Urban Centres1, by Region, Seasonally Adjusted at Annual Rates
A6: Period | E6: Atlantic | F6: Québec | G6: Ontario | H6: Prairies | I6: B. C. | J6: Total
A7: 2019 2 | E7: 8168 | F7: 43534 | G7: 67864 | H7: 33948 | I7: 43215 | J7: 196729
A8: 2020 2 | E8: 9041 | F8: 47232 | G8: 78916 | H8: 32049 | I8: 34885 | J8: 202123
A10: Single-Detached | B10: 2020 | C10: 3rd Q | E10: 3040 | F10: 7281 | G10: 21898 | H10: 11186 | I10: 7044 | J10: =SUM(E10:I10) -> 50449
B11: 2020 | C11: 4th Q | E11: 3334 | F11: 8206 | G11: 24746 | H11: 14185 | I11: 6984 | J11: =SUM(E11:I11) -> 57455
A12: All Others | B12: 2020 | C12: 3rd Q | E12: 7647 | F12: 45645 | G12: 71383 | H12: 20236 | I12: 30800 | J12: =SUM(E12:I12) -> 175711
B13: 2020 | C13: 4th Q | E13: 7030 | F13: 43276 | G13: 54740 | H13: 26516 | I13: 30913 | J13: =SUM(E13:I13) -> 162475
A14: Total | B14: 2020 | C14: 3rd Q | E14: =SUM(E10,E12) -> 10687 | F14: =SUM(F10,F12) -> 52926 | G14: =SUM(G10,G12) -> 93281 | H14: =SUM(H10,H12) -> 31422 | I14: =SUM(I10,I12) -> 37844 | J14: =SUM(E14:I14) -> 226160
B15: 2020 | C15: 4th Q | E15: =SUM(E11,E13) -> 10364 | F15: =SUM(F11,F13) -> 51482 | G15: =SUM(G11,G13) -> 79486 | H15: =SUM(H11,H13) -> 40701 | I15: =SUM(I11,I13) -> 37897 | J15: =SUM(E15:I15) -> 219930
A17: Single-Detached | B17: 2021 | C17: 3rd Q | E17: 3561 | F17: 7415 | G17: 24857 | H17: 17414 | I17: 7590 | J17: =SUM(E17:I17) -> 60837
B18: 2021 | C18: 4th Q | E18: 3855 | F18: 6529 | G18: 23730 | H18: 16573 | I18: 7502 | J18: =SUM(E18:I18) -> 58189
A19: All Others | B19: 2021 | C19: 3rd Q | E19: 4270 | F19: 45782 | G19: 69193 | H19: 22067 | I19: 33322 | J19: =SUM(E19:I19) -> 174634
B20: 2021 | C20: 4th Q | E20: 9503 | F20: 43743 | G20: 67434 | H20: 27176 | I20: 31658 | J20: =SUM(E20:I20) -> 179514
A21: Total | B21: 2021 | C21: 3rd Q | E21: =SUM(E17,E19) -> 7831 | F21: =SUM(F17,F19) -> 53197 | G21: =SUM(G17,G19) -> 94050 | H21: =SUM(H17,H19) -> 39481 | I21: =SUM(I17,I19) -> 40912 | J21: =SUM(E21:I21) -> 235471
B22: 2021 | C22: 4th Q | E22: =SUM(E18,E20) -> 13358 | F22: =SUM(F18,F20) -> 50272 | G22: =SUM(G18,G20) -> 91164 | H22: =SUM(H18,H20) -> 43749 | I22: =SUM(I18,I20) -> 39160 | J22: =SUM(E22:I22) -> 237703
A24: Single-Detached | B24: 2020 | C24: Oct. | E24: 3126 | F24: 8774 | G24: 26472 | H24: 13779 | I24: 7181 | J24: =SUM(E24:I24) -> 59332
B25: 2020 | C25: Nov. | E25: 3674 | F25: 7932 | G25: 24154 | H25: 13795 | I25: 7563 | J25: =SUM(E25:I25) -> 57118
B26: 2020 | C26: Dec. | E26: 3228 | F26: 7624 | G26: 19981 | H26: 14631 | I26: 6903 | J26: =SUM(E26:I26) -> 52367
A27: All Others | B27: 2020 | C27: Oct. | E27: 2259 | F27: 37623 | G27: 56555 | H27: 29545 | I27: 22498 | J27: =SUM(E27:I27) -> 148480
B28: 2020 | C28: Nov. | E28: 10405 | F28: 46975 | G28: 57206 | H28: 26167 | I28: 38701 | J28: =SUM(E28:I28) -> 179454
B29: 2020 | C29: Dec. | E29: 9655 | F29: 44265 | G29: 48923 | H29: 23883 | I29: 32565 | J29: =SUM(E29:I29) -> 159291
A30: Total | B30: 2020 | C30: Oct. | E30: =SUM(E24,E27) -> 5385 | F30: =SUM(F24,F27) -> 46397 | G30: =SUM(G24,G27) -> 83027 | H30: =SUM(H24,H27) -> 43324 | I30: =SUM(I24,I27) -> 29679 | J30: =SUM(J24,J27) -> 207812
B31: 2020 | C31: Nov. | E31: =SUM(E25,E28) -> 14079 | F31: =SUM(F25,F28) -> 54907 | G31: =SUM(G25,G28) -> 81360 | H31: =SUM(H25,H28) -> 39962 | I31: =SUM(I25,I28) -> 46264 | J31: =SUM(J25,J28) -> 236572
B32: 2020 | C32: Dec. | E32: =SUM(E26,E29) -> 12883 | F32: =SUM(F26,F29) -> 51889 | G32: =SUM(G26,G29) -> 68904 | H32: =SUM(H26,H29) -> 38514 | I32: =SUM(I26,I29) -> 39468 | J32: =SUM(J26,J29) -> 211658
A34: Single-Detached | B34: 2021 | C34: Oct. | E34: 5380 | F34: 6989 | G34: 21613 | H34: 16556 | I34: 7415 | J34: =SUM(E34:I34) -> 57953
B35: 2021 | C35: Nov. | E35: 2878 | F35: 7466 | G35: 24291 | H35: 15761 | I35: 7252 | J35: =SUM(E35:I35) -> 57648
B36: 2021 | C36: Dec. | E36: 3199 | F36: 4523 | G36: 22076 | H36: 16696 | I36: 8737 | J36: =SUM(E36:I36) -> 55231
A37: All Others | B37: 2021 | C37: Oct. | E37: 8500 | F37: 42618 | G37: 55138 | H37: 25247 | I37: 24951 | J37: =SUM(E37:I37) -> 156454
B38: 2021 | C38: Nov. | E38: 9940 | F38: 48789 | G38: 101089 | H38: 33769 | I38: 28563 | J38: =SUM(E38:I38) -> 222150
B39: 2021 | C39: Dec. | E39: 10998 | F39: 37470 | G39: 44211 | H39: 22754 | I39: 42254 | J39: =SUM(E39:I39) -> 157687
A40: Total | B40: 2021 | C40: Oct. | E40: =SUM(E34,E37) -> 13880 | F40: =SUM(F34,F37) -> 49607 | G40: =SUM(G34,G37) -> 76751 | H40: =SUM(H34,H37) -> 41803 | I40: =SUM(I34,I37) -> 32366 | J40: =SUM(J34,J37) -> 214407
B41: 2021 | C41: Nov. | E41: =SUM(E35,E38) -> 12818 | F41: =SUM(F35,F38) -> 56255 | G41: =SUM(G35,G38) -> 125380 | H41: =SUM(H35,H38) -> 49530 | I41: =SUM(I35,I38) -> 35815 | J41: =SUM(J35,J38) -> 279798
B42: 2021 | C42: Dec. | E42: =SUM(E36,E39) -> 14197 | F42: =SUM(F36,F39) -> 41993 | G42: =SUM(G36,G39) -> 66287 | H42: =SUM(H36,H39) -> 39450 | I42: =SUM(I36,I39) -> 50991 | J42: =SUM(J36,J39) -> 212918
A43: =Titles!$A$12 -> 1 Data for 2020 and 2021 based on 2016 Census Definitions.
A44: 2 Data are Actual Dwelling Starts.
A45: =Titles!$A$10 -> Source: CMHC Starts and Completion Survey, Market Absorption Survey

Sheet Table 5
A1: Table 5
A2: Dwelling Starts in Urban Centres1, by Region, Seasonally Adjusted at Annual Rates
A6: Period | D6: Atlantic | E6: Québec | F6: Ontario | G6: Prairies | H6: B. C. | I6: Total
A7: 2019 2 | D7: 8168 | E7: 43534 | F7: 67864 | G7: 33948 | H7: 43215 | I7: 196729
A8: 2020 2 | D8: 9041 | E8: 47232 | F8: 78916 | G8: 32049 | H8: 34885 | I8: 202123
A9: 2019 | B9: 1st Q. | D9: 5638 | E9: 41293 | F9: 58071 | G9: 26953 | H9: 39951 | I9: 171906
B10: 2nd Q. | D10: 9317 | E10: 48236 | F10: 67433 | G10: 34298 | H10: 48737 | I10: 208021
B11: 3rd Q. | D11: 9121 | E11: 42885 | F11: 78452 | G11: 37882 | H11: 42120 | I11: 210460
B12: 4th Q. | D12: 7873 | E12: 41344 | F12: 65714 | G12: 36252 | H12: 40172 | I12: 191355
A13: 2020 | B13: 1st Q. | D13: 8653 | E13: 46067 | F13: 66430 | G13: 31167 | H13: 33446 | I13: 185763
B14: 2nd Q. | D14: 6641 | E14: 39413 | F14: 75823 | G14: 25864 | H14: 30703 | I14: 178444
B15: 3rd Q. | D15: 10687 | E15: 52926 | F15: 93281 | G15: 31422 | H15: 37844 | I15: 226160
B16: 4th Q. | D16: 10364 | E16: 51482 | F16: 79486 | G16: 40701 | H16: 37897 | I16: 219930
A17: 2021 | B17: 1st Q. | D17: 10864 | E17: 71262 | F17: 93989 | G17: 37905 | H17: 49811 | I17: 263831
B18: 2nd Q. | D18: 10033 | E18: 59954 | F18: 91046 | G18: 42674 | H18: 44428 | I18: 248135
B19: 3rd Q. | D19: 7831 | E19: 53197 | F19: 94050 | G19: 39481 | H19: 40912 | I19: 235471
B20: 4th Q. | D20: 13358 | E20: 50272 | F20: 91164 | G20: 43749 | H20: 39160 | I20: 237703
A21: =A9 -> 2019 | B21: January | D21: 5334 | E21: 38386 | F21: 72219 | G21: 30763 | H21: 40487 | I21: =IF(SUM(D21:H21)=0,"",SUM(D21:H21)) -> 187189
B22: February | D22: 4339 | E22: 32627 | F22: 52771 | G22: 24371 | H22: 35747 | I22: =IF(SUM(D22:H22)=0,"",SUM(D22:H22)) -> 149855
B23: March | D23: 5849 | E23: 59992 | F23: 57521 | G23: 23769 | H23: 31920 | I23: =IF(SUM(D23:H23)=0,"",SUM(D23:H23)) -> 179051
B24: April | D24: 5526 | E24: 46451 | F24: 85054 | G24: 31461 | H24: 50873 | I24: =IF(SUM(D24:H24)=0,"",SUM(D24:H24)) -> 219365
B25: May | D25: 6540 | E25: 44811 | F25: 49718 | G25: 31589 | H25: 53862 | I25: =IF(SUM(D25:H25)=0,"",SUM(D25:H25)) -> 186520
B26: June | D26: 14598 | E26: 48301 | F26: 66102 | G26: 42431 | H26: 59890 | I26: =IF(SUM(D26:H26)=0,"",SUM(D26:H26)) -> 231322
B27: July | D27: 8208 | E27: 44812 | F27: 68233 | G27: 35685 | H27: 49044 | I27: =IF(SUM(D27:H27)=0,"",SUM(D27:H27)) -> 205982
B28: August | D28: 9549 | E28: 46814 | F28: 82144 | G28: 37868 | H28: 34992 | I28: =IF(SUM(D28:H28)=0,"",SUM(D28:H28)) -> 211367
B29: September | D29: 9756 | E29: 37167 | F29: 84495 | G29: 39593 | H29: 39819 | I29: =IF(SUM(D29:H29)=0,"",SUM(D29:H29)) -> 210830
B30: October | D30: 6122 | E30: 49514 | F30: 73830 | G30: 31914 | H30: 33115 | I30: =IF(SUM(D30:H30)=0,"",SUM(D30:H30)) -> 194495
B31: November | D31: 9093 | E31: 39602 | F31: 62981 | G31: 32291 | H31: 46998 | I31: =IF(SUM(D31:H31)=0,"",SUM(D31:H31)) -> 190965
B32: December | D32: 9072 | E32: 35810 | F32: 57353 | G32: 44117 | H32: 41655 | I32: =IF(SUM(D32:H32)=0,"",SUM(D32:H32)) -> 188007
A33: =A13 -> 2020 | B33: January | D33: 5118 | E33: 69255 | F33: 67805 | G33: 29309 | H33: 24535 | I33: =IF(SUM(D33:H33)=0,"",SUM(D33:H33)) -> 196022
B34: February | D34: 10556 | E34: 43785 | F34: 76258 | G34: 24681 | H34: 37845 | I34: =IF(SUM(D34:H34)=0,"",SUM(D34:H34)) -> 193125
B35: March | D35: 5632 | E35: 42185 | F35: 63860 | G35: 37784 | H35: 29792 | I35: =IF(SUM(D35:H35)=0,"",SUM(D35:H35)) -> 179253
B36: April | D36: 5072 | E36: 0 | F36: 91832 | G36: 31535 | H36: 27475 | I36: =IF(SUM(D36:H36)=0,"",SUM(D36:H36)) -> 155914
B37: May | D37: 7823 | E37: 57697 | F37: 56376 | G37: 23914 | H37: 36235 | I37: =IF(SUM(D37:H37)=0,"",SUM(D37:H37)) -> 182045
B38: June | D38: 6981 | E38: 52941 | F38: 77386 | G38: 24059 | H38: 36114 | I38: =IF(SUM(D38:H38)=0,"",SUM(D38:H38)) -> 197481
B39: July | D39: 15222 | E39: 55677 | F39: 84455 | G39: 36626 | H39: 38741 | I39: =IF(SUM(D39:H39)=0,"",SUM(D39:H39)) -> 230721
B40: August | D40: 10011 | E40: 56030 | F40: 114477 | G40: 26601 | H40: 41796 | I40: =IF(SUM(D40:H40)=0,"",SUM(D40:H40)) -> 248915
B41: September | D41: 9056 | E41: 47741 | F41: 80075 | G41: 30376 | H41: 30708 | I41: =IF(SUM(D41:H41)=0,"",SUM(D41:H41)) -> 197956
B42: October | D42: 5385 | E42: 46397 | F42: 83027 | G42: 43324 | H42: 29679 | I42: =IF(SUM(D42:H42)=0,"",SUM(D42:H42)) -> 207812
B43: November | D43: 14079 | E43: 54907 | F43: 81360 | G43: 39962 | H43: 46264 | I43: =IF(SUM(D43:H43)=0,"",SUM(D43:H43)) -> 236572
B44: December | D44: 12883 | E44: 51889 | F44: 68904 | G44: 38514 | H44: 39468 | I44: =IF(SUM(D44:H44)=0,"",SUM(D44:H44)) -> 211658
A45: =A17 -> 2021 | B45: January | D45: 10704 | E45: 102561 | F45: 91105 | G45: 40413 | H45: 34133 | I45: =IF(SUM(D45:H45)=0,"",SUM(D45:H45)) -> 278916
B46: February | D46: 7807 | E46: 72060 | F46: 79002 | G46: 34349 | H46: 41462 | I46: =IF(SUM(D46:H46)=0,"",SUM(D46:H46)) -> 234680
B47: March | D47: 6635 | E47: 66305 | F47: 118872 | G47: 37823 | H47: 67122 | I47: =IF(SUM(D47:H47)=0,"",SUM(D47:H47)) -> 296757
B48: April | D48: 9069 | E48: 59960 | F48: 101741 | G48: 42880 | H48: 35102 | I48: =IF(SUM(D48:H48)=0,"",SUM(D48:H48)) -> 248752
B49: May | D49: 16469 | E49: 55568 | F49: 93433 | G49: 46427 | H49: 42422 | I49: =IF(SUM(D49:H49)=0,"",SUM(D49:H49)) -> 254319
B50: June | D50: 7491 | E50: 56737 | F50: 81562 | G50: 41574 | H50: 61897 | I50: =IF(SUM(D50:H50)=0,"",SUM(D50:H50)) -> 249261
B51: July | D51: 11084 | E51: 57857 | F51: 90570 | G51: 38736 | H51: 46458 | I51: =IF(SUM(D51:H51)=0,"",SUM(D51:H51)) -> 244705
B52: August | D52: 6398 | E52: 46676 | F52: 98915 | G52: 38085 | H52: 42224 | I52: =IF(SUM(D52:H52)=0,"",SUM(D52:H52)) -> 232298
B53: September | D53: 6826 | E53: 53021 | F53: 91186 | G53: 40093 | H53: 31559 | I53: =IF(SUM(D53:H53)=0,"",SUM(D53:H53)) -> 222685
B54: October | D54: 13880 | E54: 49607 | F54: 76751 | G54: 41803 | H54: 32366 | I54: =IF(SUM(D54:H54)=0,"",SUM(D54:H54)) -> 214407
B55: November | D55: 12818 | E55: 56255 | F55: 125380 | G55: 49530 | H55: 35815 | I55: =IF(SUM(D55:H55)=0,"",SUM(D55:H55)) -> 279798
B56: December | D56: 14197 | E56: 41993 | F56: 66287 | G56: 39450 | H56: 50991 | I56: =IF(SUM(D56:H56)=0,"",SUM(D56:H56)) -> 212918
A57: =Titles!$A$12 -> 1 Data for 2020 and 2021 based on 2016 Census Definitions.
A58: 2 Data are Actual Dwelling Starts.
A59: =Titles!$A$10 -> Source: CMHC Starts and Completion Survey, Market Absorption Survey

Sheet Table 6
A1: Table 6
A2: Dwelling Starts in Urban Centres1, Atlantic Provinces, Seasonally Adjusted at Annual Rates
A5: Period | D5: Newfoundland | E5: Prince Edward | F5: Nova Scotia | G5: New Brunswick | H5: Total
E6: Island
A9: 2019 2 | D9: 639 | E9: 1114 | F9: 4080 | G9: 2335 | H9: 8168
A10: 2020 2 | D10: 506 | E10: 995 | F10: 4378 | G10: 3162 | H10: 9041
A11: 2019 | B11: 1st Q. | D11: 462 | E11: 390 | F11: 3596 | G11: 1190 | H11: 5638
B12: 2nd Q. | D12: 575 | E12: 845 | F12: 4714 | G12: 3183 | H12: 9317
B13: 3rd Q. | D13: 688 | E13: 1958 | F13: 3756 | G13: 2719 | H13: 9121
B14: 4th Q. | D14: 734 | E14: 1115 | F14: 4035 | G14: 1989 | H14: 7873
A15: 2020 | B15: 1st Q. | D15: 494 | E15: 645 | F15: 4023 | G15: 3491 | H15: 8653
B16: 2nd Q. | D16: 297 | E16: 1280 | F16: 2647 | G16: 2417 | H16: 6641
B17: 3rd Q. | D17: 581 | E17: 1123 | F17: 5622 | G17: 3361 | H17: 10687
B18: 4th Q. | D18: 628 | E18: 837 | F18: 5203 | G18: 3696 | H18: 10364
A19: 2021 | B19: 1st Q. | D19: 690 | E19: 976 | F19: 5015 | G19: 4183 | H19: 10864
B20: 2nd Q. | D20: 733 | E20: 1016 | F20: 4494 | G20: 3790 | H20: 10033
B21: 3rd Q. | D21: 621 | E21: 891 | F21: 3487 | G21: 2832 | H21: 7831
B22: 4th Q. | D22: 572 | E22: 1104 | F22: 8194 | G22: 3488 | H22: 13358
A23: 2019 | B23: January | D23: 458 | E23: 644 | F23: 3043 | G23: 1189 | H23: =IF(SUM(C23:G23)=0,"",SUM(C23:G23)) -> 5334
B24: February | D24: 479 | E24: 269 | F24: 3123 | G24: 468 | H24: =IF(SUM(C24:G24)=0,"",SUM(C24:G24)) -> 4339
B25: March | D25: 413 | E25: 78 | F25: 4664 | G25: 694 | H25: =IF(SUM(C25:G25)=0,"",SUM(C25:G25)) -> 5849
B26: April | D26: 342 | E26: 273 | F26: 3360 | G26: 1551 | H26: =IF(SUM(C26:G26)=0,"",SUM(C26:G26)) -> 5526
B27: May | D27: 516 | E27: 854 | F27: 3330 | G27: 1840 | H27: =IF(SUM(C27:G27)=0,"",SUM(C27:G27)) -> 6540
B28: June | D28: 687 | E28: 1409 | F28: 7466 | G28: 5036 | H28: =IF(SUM(C28:G28)=0,"",SUM(C28:G28)) -> 14598
B29: July | D29: 510 | E29: 1696 | F29: 3494 | G29: 2508 | H29: =IF(SUM(C29:G29)=0,"",SUM(C29:G29)) -> 8208
B30: August | D30: 743 | E30: 766 | F30: 4465 | G30: 3575 | H30: =IF(SUM(C30:G30)=0,"",SUM(C30:G30)) -> 9549
B31: September | D31: 820 | E31: 1792 | F31: 3343 | G31: 3801 | H31: =IF(SUM(C31:G31)=0,"",SUM(C31:G31)) -> 9756
B32: October | D32: 732 | E32: 1088 | F32: 2677 | G32: 1625 | H32: =IF(SUM(C32:G32)=0,"",SUM(C32:G32)) -> 6122
B33: November | D33: 832 | E33: 839 | F33: 3469 | G33: 3953 | H33: =IF(SUM(C33:G33)=0,"",SUM(C33:G33)) -> 9093
B34: December | D34: 685 | E34: 1339 | F34: 6001 | G34: 1047 | H34: =IF(SUM(C34:G34)=0,"",SUM(C34:G34)) -> 9072
A35: 2020 | B35: January | D35: 457 | E35: 417 | F35: 2512 | G35: 1732 | H35: =IF(SUM(C35:G35)=0,"",SUM(C35:G35)) -> 5118
B36: February | D36: 638 | E36: 1122 | F36: 7496 | G36: 1300 | H36: =IF(SUM(C36:G36)=0,"",SUM(C36:G36)) -> 10556
B37: March | D37: 284 | E37: 295 | F37: 2283 | G37: 2770 | H37: =IF(SUM(C37:G37)=0,"",SUM(C37:G37)) -> 5632
B38: April | D38: 261 | E38: 607 | F38: 2112 | G38: 2092 | H38: =IF(SUM(C38:G38)=0,"",SUM(C38:G38)) -> 5072
B39: May | D39: 177 | E39: 1013 | F39: 3488 | G39: 3145 | H39: =IF(SUM(C39:G39)=0,"",SUM(C39:G39)) -> 7823
B40: June | D40: 397 | E40: 1848 | F40: 2417 | G40: 2319 | H40: =IF(SUM(C40:G40)=0,"",SUM(C40:G40)) -> 6981
B41: July | D41: 688 | E41: 381 | F41: 7530 | G41: 6623 | H41: =IF(SUM(C41:G41)=0,"",SUM(C41:G41)) -> 15222
B42: August | D42: 679 | E42: 1989 | F42: 3279 | G42: 4064 | H42: =IF(SUM(C42:G42)=0,"",SUM(C42:G42)) -> 10011
B43: September | D43: 435 | E43: 506 | F43: 5977 | G43: 2138 | H43: =IF(SUM(C43:G43)=0,"",SUM(C43:G43)) -> 9056
B44: October | D44: 541 | E44: 507 | F44: 2426 | G44: 1911 | H44: =IF(SUM(C44:G44)=0,"",SUM(C44:G44)) -> 5385
B45: November | D45: 813 | E45: 985 | F45: 7477 | G45: 4804 | H45: =IF(SUM(C45:G45)=0,"",SUM(C45:G45)) -> 14079
B46: December | D46: 556 | E46: 390 | F46: 5759 | G46: 6178 | H46: =IF(SUM(C46:G46)=0,"",SUM(C46:G46)) -> 12883
A47: 2021 | B47: January | D47: 703 | E47: 1060 | F47: 6091 | G47: 2850 | H47: =IF(SUM(C47:G47)=0,"",SUM(C47:G47)) -> 10704
B48: February | D48: 492 | E48: 375 | F48: 4937 | G48: 2003 | H48: =IF(SUM(C48:G48)=0,"",SUM(C48:G48)) -> 7807
B49: March | D49: 851 | E49: 397 | F49: 4198 | G49: 1189 | H49: =IF(SUM(C49:G49)=0,"",SUM(C49:G49)) -> 6635
B50: April | D50: 930 | E50: 742 | F50: 3118 | G50: 4279 | H50: =IF(SUM(C50:G50)=0,"",SUM(C50:G50)) -> 9069
B51: May | D51: 735 | E51: 1072 | F51: 8431 | G51: 6231 | H51: =IF(SUM(C51:G51)=0,"",SUM(C51:G51)) -> 16469
B52: June | D52: 665 | E52: 1112 | F52: 1972 | G52: 3742 | H52: =IF(SUM(C52:G52)=0,"",SUM(C52:G52)) -> 7491
B53: July | D53: 716 | E53: 1366 | F53: 4703 | G53: 4299 | H53: =IF(SUM(C53:G53)=0,"",SUM(C53:G53)) -> 11084
B54: August | D54: 535 | E54: 769 | F54: 1757 | G54: 3337 | H54: =IF(SUM(C54:G54)=0,"",SUM(C54:G54)) -> 6398
B55: September | D55: 620 | E55: 357 | F55: 3746 | G55: 2103 | H55: =IF(SUM(C55:G55)=0,"",SUM(C55:G55)) -> 6826
B56: October | D56: 635 | E56: 1242 | F56: 9105 | G56: 2898 | H56: =IF(SUM(C56:G56)=0,"",SUM(C56:G56)) -> 13880
B57: November | D57: 344 | E57: 971 | F57: 6891 | G57: 4612 | H57: =IF(SUM(C57:G57)=0,"",SUM(C57:G57)) -> 12818
B58: December | D58: 805 | E58: 492 | F58: 8878 | G58: 4022 | H58: =IF(SUM(C58:G58)=0,"",SUM(C58:G58)) -> 14197
A59: =Titles!$A$12 -> 1 Data for 2020 and 2021 based on 2016 Census Definitions.
A60: 2 Data are Actual Dwelling Starts.
A61: =Titles!$A$10 -> Source: CMHC Starts and Completion Survey, Market Absorption Survey

Sheet Table 7
A1: Table 7
A2: Dwelling Starts in Urban Centres1, Prairie Provinces, Seasonally Adjusted at Annual Rates
A6: Period | D6: Manitoba | E6: Saskatchewan | F6: Alberta | G6: Total
A7: 2019 2 | D7: 5935 | E7: 2055 | F7: 25958 | G7: 33948
A8: 2020 2 | D8: 6203 | E8: 2803 | F8: 23043 | G8: 32049
A9: 2019 | B9: 1st Q. | D9: 5428 | E9: 1603 | F9: 19922 | G9: 26953
B10: 2nd Q. | D10: 7614 | E10: 1950 | F10: 24734 | G10: 34298
B11: 3rd Q. | D11: 5201 | E11: 2506 | F11: 30175 | G11: 37882
B12: 4th Q. | D12: 5526 | E12: 2132 | F12: 28594 | G12: 36252
A13: 2020 | B13: 1st Q. | D13: 5319 | E13: 2314 | F13: 23534 | G13: 31167
B14: 2nd Q. | D14: 5637 | E14: 2053 | F14: 18174 | G14: 25864
B15: 3rd Q. | D15: 4793 | E15: 4009 | F15: 22620 | G15: 31422
B16: 4th Q. | D16: 9187 | E16: 2773 | F16: 28741 | G16: 40701
A17: 2021 | B17: 1st Q. | D17: 6565 | E17: 4463 | F17: 26877 | G17: 37905
B18: 2nd Q. | D18: 6967 | E18: 4261 | F18: 31446 | G18: 42674
B19: 3rd Q. | D19: 7094 | E19: 3523 | F19: 28864 | G19: 39481
B20: 4th Q. | D20: 5727 | E20: 2875 | F20: 35147 | G20: 43749
A21: 2019 | B21: January | D21: 6129 | E21: 2016 | F21: 22618 | G21: =IF(SUM(B21:F21)=0,"",SUM(B21:F21)) -> 30763
B22: February | D22: 4909 | E22: 1181 | F22: 18281 | G22: =IF(SUM(B22:F22)=0,"",SUM(B22:F22)) -> 24371
B23: March | D23: 5020 | E23: 1424 | F23: 17325 | G23: =IF(SUM(B23:F23)=0,"",SUM(B23:F23)) -> 23769
B24: April | D24: 5710 | E24: 1325 | F24: 24426 | G24: =IF(SUM(B24:F24)=0,"",SUM(B24:F24)) -> 31461
B25: May | D25: 8233 | E25: 2066 | F25: 21290 | G25: =IF(SUM(B25:F25)=0,"",SUM(B25:F25)) -> 31589
B26: June | D26: 9036 | E26: 2697 | F26: 30698 | G26: =IF(SUM(B26:F26)=0,"",SUM(B26:F26)) -> 42431
B27: July | D27: 5939 | E27: 1183 | F27: 28563 | G27: =IF(SUM(B27:F27)=0,"",SUM(B27:F27)) -> 35685
B28: August | D28: 5714 | E28: 2791 | F28: 29363 | G28: =IF(SUM(B28:F28)=0,"",SUM(B28:F28)) -> 37868
B29: September | D29: 3849 | E29: 3573 | F29: 32171 | G29: =IF(SUM(B29:F29)=0,"",SUM(B29:F29)) -> 39593
B30: October | D30: 6687 | E30: 2304 | F30: 22923 | G30: =IF(SUM(B30:F30)=0,"",SUM(B30:F30)) -> 31914
B31: November | D31: 5401 | E31: 1842 | F31: 25048 | G31: =IF(SUM(B31:F31)=0,"",SUM(B31:F31)) -> 32291
B32: December | D32: 4638 | E32: 2206 | F32: 37273 | G32: =IF(SUM(B32:F32)=0,"",SUM(B32:F32)) -> 44117
A33: 2020 | B33: January | D33: 6500 | E33: 3274 | F33: 19535 | G33: =IF(SUM(B33:F33)=0,"",SUM(B33:F33)) -> 29309
B34: February | D34: 4468 | E34: 1905 | F34: 18308 | G34: =IF(SUM(B34:F34)=0,"",SUM(B34:F34)) -> 24681
B35: March | D35: 4810 | E35: 1622 | F35: 31352 | G35: =IF(SUM(B35:F35)=0,"",SUM(B35:F35)) -> 37784
B36: April | D36: 6340 | E36: 2297 | F36: 22898 | G36: =IF(SUM(B36:F36)=0,"",SUM(B36:F36)) -> 31535
B37: May | D37: 3705 | E37: 1800 | F37: 18409 | G37: =IF(SUM(B37:F37)=0,"",SUM(B37:F37)) -> 23914
B38: June | D38: 6995 | E38: 2387 | F38: 14677 | G38: =IF(SUM(B38:F38)=0,"",SUM(B38:F38)) -> 24059
B39: July | D39: 6380 | E39: 7930 | F39: 22316 | G39: =IF(SUM(B39:F39)=0,"",SUM(B39:F39)) -> 36626
B40: August | D40: 4564 | E40: 2385 | F40: 19652 | G40: =IF(SUM(B40:F40)=0,"",SUM(B40:F40)) -> 26601
B41: September | D41: 3389 | E41: 1665 | F41: 25322 | G41: =IF(SUM(B41:F41)=0,"",SUM(B41:F41)) -> 30376
B42: October | D42: 9884 | E42: 2074 | F42: 31366 | G42: =IF(SUM(B42:F42)=0,"",SUM(B42:F42)) -> 43324
B43: November | D43: 11405 | E43: 3221 | F43: 25336 | G43: =IF(SUM(B43:F43)=0,"",SUM(B43:F43)) -> 39962
B44: December | D44: 6452 | E44: 2906 | F44: 29156 | G44: =IF(SUM(B44:F44)=0,"",SUM(B44:F44)) -> 38514
A45: 2021 | B45: January | D45: 8512 | E45: 4203 | F45: 27698 | G45: =IF(SUM(B45:F45)=0,"",SUM(B45:F45)) -> 40413
B46: February | D46: 6518 | E46: 3020 | F46: 24811 | G46: =IF(SUM(B46:F46)=0,"",SUM(B46:F46)) -> 34349
B47: March | D47: 4352 | E47: 5702 | F47: 27769 | G47: =IF(SUM(B47:F47)=0,"",SUM(B47:F47)) -> 37823
B48: April | D48: 5222 | E48: 4857 | F48: 32801 | G48: =IF(SUM(B48:F48)=0,"",SUM(B48:F48)) -> 42880
B49: May | D49: 6597 | E49: 5174 | F49: 34656 | G49: =IF(SUM(B49:F49)=0,"",SUM(B49:F49)) -> 46427
B50: June | D50: 9232 | E50: 3398 | F50: 28944 | G50: =IF(SUM(B50:F50)=0,"",SUM(B50:F50)) -> 41574
B51: July | D51: 6099 | E51: 2158 | F51: 30479 | G51: =IF(SUM(B51:F51)=0,"",SUM(B51:F51)) -> 38736
B52: August | D52: 6416 | E52: 1896 | F52: 29773 | G52: =IF(SUM(B52:F52)=0,"",SUM(B52:F52)) -> 38085
B53: September | D53: 8617 | E53: 6445 | F53: 25031 | G53: =IF(SUM(B53:F53)=0,"",SUM(B53:F53)) -> 40093
B54: October | D54: 4485 | E54: 2291 | F54: 35027 | G54: =IF(SUM(B54:F54)=0,"",SUM(B54:F54)) -> 41803
B55: November | D55: 5826 | E55: 3481 | F55: 40223 | G55: =IF(SUM(B55:F55)=0,"",SUM(B55:F55)) -> 49530
B56: December | D56: 7068 | E56: 2765 | F56: 29617 | G56: =IF(SUM(B56:F56)=0,"",SUM(B56:F56)) -> 39450
A57: =Titles!$A$12 -> 1 Data for 2020 and 2021 based on 2016 Census Definitions.
A58: 2 Data are Actual Dwelling Starts.
A59: =Titles!$A$10 -> Source: CMHC Starts and Completion Survey, Market Absorption Survey

Sheet Table 8
A1: Table 8
A2: Dwelling Starts - Seasonally Adjusted at Annual Rates1
A5: Period | D5: St. John's | E5: Halifax | F5: Moncton | G5: Saint John | H5: Saguenay
A6: 2019 2 | D6: 480 | E6: 3143 | F6: 1242 | G6: 381 | H6: 452
A7: 2020 2 | D7: 418 | E7: 3249 | F7: 1708 | G7: 540 | H7: 535
A8: 2019 | B8: January | D8: 370 | E8: 2531 | F8: 28 | G8: 553 | H8: 123
B9: February | D9: 358 | E9: 2781 | F9: 133 | G9: 68 | H9: 313
B10: March | D10: 230 | E10: 4369 | F10: 315 | G10: 92 | H10: 178
B11: April | D11: 180 | E11: 2257 | F11: 1104 | G11: 88 | H11: 256
B12: May | D12: 445 | E12: 2431 | F12: 1375 | G12: 186 | H12: 522
B13: June | D13: 658 | E13: 6399 | F13: 2678 | G13: 1012 | H13: 537
B14: July | D14: 325 | E14: 2510 | F14: 1261 | G14: 210 | H14: 266
B15: August | D15: 507 | E15: 3570 | F15: 1759 | G15: 697 | H15: 350
B16: September | D16: 684 | E16: 2582 | F16: 2570 | G16: 780 | H16: 398
B17: October | D17: 560 | E17: 1434 | F17: 448 | G17: 466 | H17: 1332
B18: November | D18: 657 | E18: 2282 | F18: 2651 | G18: 186 | H18: 699
B19: December | D19: 500 | E19: 4393 | F19: 512 | G19: 33 | H19: 307
A20: 2020 | B20: January | D20: 385 | E20: 1173 | F20: 240 | G20: 398 | H20: 1118
B21: February | D21: 349 | E21: 5705 | F21: 361 | G21: 653 | H21: 317
B22: March | D22: 188 | E22: 1295 | F22: 762 | G22: 853 | H22: 3
B23: April | D23: 171 | E23: 1458 | F23: 1274 | G23: 210 | H23: 0
B24: May | D24: 127 | E24: 2712 | F24: 2011 | G24: 185 | H24: 664
B25: June | D25: 310 | E25: 1483 | F25: 1331 | G25: 471 | H25: 469
B26: July | D26: 575 | E26: 6574 | F26: 4601 | G26: 1089 | H26: 938
B27: August | D27: 574 | E27: 2048 | F27: 1686 | G27: 416 | H27: 144
B28: September | D28: 338 | E28: 5231 | F28: 685 | G28: 725 | H28: 393
B29: October | D29: 469 | E29: 1317 | F29: 946 | G29: 212 | H29: 671
B30: November | D30: 728 | E30: 6719 | F30: 2365 | G30: 1072 | H30: 583
B31: December | D31: 466 | E31: 3936 | F31: 4295 | G31: 315 | H31: 1037
A32: 2021 | B32: January | D32: 541 | E32: 4635 | F32: 1415 | G32: 383 | H32: 1793
B33: February | D33: 405 | E33: 3097 | F33: 431 | G33: 318 | H33: 279
B34: March | D34: 692 | E34: 2665 | F34: 303 | G34: 265 | H34: 483
B35: April | D35: 743 | E35: 1549 | F35: 1780 | G35: 1076 | H35: 690
B36: May | D36: 728 | E36: 6815 | F36: 3576 | G36: 338 | H36: 696
B37: June | D37: 528 | E37: 166 | F37: 1957 | G37: 354 | H37: 631
B38: July | D38: 608 | E38: 3360 | F38: 1561 | G38: 1301 | H38: 401
B39: August | D39: 437 | E39: 425 | F39: 2437 | G39: 292 | H39: 620
B40: September | D40: 538 | E40: 2606 | F40: 628 | G40: 856 | H40: 247
B41: October | D41: 599 | E41: 8183 | F41: 1877 | G41: 398 | H41: 480
B42: November | D42: 302 | E42: 5505 | F42: 3267 | G42: 171 | H42: 937
B43: December | D43: 755 | E43: 7004 | F43: 1943 | G43: 1014 | H43: 482
A44: =Titles!$A$12 -> 1 Data for 2020 and 2021 based on 2016 Census Definitions.
A45: 2 Data are Actual Dwelling Starts.
A46: =Titles!$A$10 -> Source: CMHC Starts and Completion Survey, Market Absorption Survey

Sheet Table 9
A1: Table 9 - Tableau 9
A2: Dwelling Starts - Seasonally Adjusted at Annual Rates1
A5: Period | D5: Québec | E5: Sherbrooke | F5: Trois-Rivières | G5: Montréal | H5: Gatineau
A6: 2019 2 | D6: 6203 | E6: 1880 | F6: 640 | G6: 25112 | H6: 3421
A7: 2020 2 | D7: 6713 | E7: 2264 | F7: 662 | G7: 27274 | H7: 3084
A8: 2019 | B8: January | D8: 1543 | E8: 141 | F8: 246 | G8: 19342 | H8: 789
B9: February | D9: 1546 | E9: 3840 | F9: 368 | G9: 14945 | H9: 1746
B10: March | D10: 2799 | E10: 3915 | F10: 447 | G10: 31503 | H10: 5527
B11: April | D11: 4027 | E11: 1466 | F11: 668 | G11: 29190 | H11: 5069
B12: May | D12: 8799 | E12: 1439 | F12: 632 | G12: 25638 | H12: 5979
B13: June | D13: 11633 | E13: 871 | F13: 320 | G13: 40304 | H13: 1490
B14: July | D14: 8869 | E14: 1000 | F14: 586 | G14: 24723 | H14: 3453
B15: August | D15: 6207 | E15: 719 | F15: 423 | G15: 25562 | H15: 1022
B16: September | D16: 11738 | E16: 2889 | F16: 914 | G16: 18648 | H16: 2563
B17: October | D17: 6024 | E17: 1461 | F17: 1410 | G17: 31301 | H17: 6275
B18: November | D18: 7824 | E18: 2102 | F18: 734 | G18: 20723 | H18: 3768
B19: December | D19: 3143 | E19: 2366 | F19: 615 | G19: 18992 | H19: 3344
A20: 2020 | B20: January | D20: 4690 | E20: 2724 | F20: 305 | G20: 28508 | H20: 3047
B21: February | D21: 2514 | E21: 754 | F21: 527 | G21: 19513 | H21: 5283
B22: March | D22: 5478 | E22: 3452 | F22: 215 | G22: 17945 | H22: 1460
B23: April | D23: 0 | E23: 0 | F23: 0 | G23: 0 | H23: 0
B24: May | D24: 11509 | E24: 1811 | F24: 1693 | G24: 33168 | H24: 3904
B25: June | D25: 11348 | E25: 4149 | F25: 989 | G25: 39518 | H25: 3646
B26: July | D26: 6671 | E26: 1229 | F26: 909 | G26: 35597 | H26: 2621
B27: August | D27: 9582 | E27: 1936 | F27: 348 | G27: 27009 | H27: 1870
B28: September | D28: 8901 | E28: 2285 | F28: 501 | G28: 32695 | H28: 4391
B29: October | D29: 9331 | E29: 5633 | F29: 955 | G29: 24525 | H29: 1931
B30: November | D30: 5220 | E30: 1534 | F30: 858 | G30: 36134 | H30: 4926
B31: December | D31: 5443 | E31: 1760 | F31: 579 | G31: 34114 | H31: 3611
A32: 2021 | B32: January | D32: 13654 | E32: 2393 | F32: 667 | G32: 36894 | H32: 3356
B33: February | D33: 3744 | E33: 3247 | F33: 484 | G33: 39909 | H33: 1593
B34: March | D34: 7065 | E34: 4053 | F34: 1285 | G34: 30629 | H34: 2364
B35: April | D35: 7259 | E35: 2807 | F35: 828 | G35: 39353 | H35: 7160
B36: May | D36: 11473 | E36: 2370 | F36: 872 | G36: 27970 | H36: 5555
B37: June | D37: 16966 | E37: 2615 | F37: 1282 | G37: 39010 | H37: 2342
B38: July | D38: 16655 | E38: 1439 | F38: 1308 | G38: 30528 | H38: 1361
B39: August | D39: 2178 | E39: 1879 | F39: 437 | G39: 26812 | H39: 742
B40: September | D40: 9116 | E40: 3050 | F40: 1695 | G40: 34032 | H40: 6837
B41: October | D41: 7929 | E41: 3093 | F41: 1086 | G41: 28280 | H41: 3637
B42: November | D42: 9916 | E42: 2767 | F42: 1668 | G42: 36212 | H42: 2396
B43: December | D43: 8043 | E43: 3291 | F43: 1800 | G43: 22748 | H43: 318
A44: =Titles!$A$12 -> 1 Data for 2020 and 2021 based on 2016 Census Definitions.
A45: 2 Data are Actual Dwelling Starts.
A46: =Titles!$A$10 -> Source: CMHC Starts and Completion Survey, Market Absorption Survey

Sheet Table 10
A1: Table 10
A2: Dwelling Starts - Seasonally Adjusted at Annual Rates1
A5: Period | D5: Ottawa | E5: Kingston | F5: Belleville | G5: Peterborough | H5: Oshawa | I5: Toronto
A6: 2019 2 | D6: 7782 | E6: 1256 | F6: 591 | G6: 499 | H6: 1703 | I6: 30462
A7: 2020 2 | D7: 9950 | E7: 1041 | F7: 673 | G7: 528 | H7: 2666 | I7: 38587
A8: 2019 | B8: January | D8: 3280 | E8: 2598 | F8: 366 | G8: 144 | H8: 813 | I8: 39433
B9: February | D9: 9469 | E9: 57 | F9: 241 | G9: 123 | H9: 402 | I9: 20820
B10: March | D10: 3844 | E10: 448 | F10: 592 | G10: 973 | H10: 809 | I10: 31881
B11: April | D11: 6349 | E11: 548 | F11: 386 | G11: 381 | H11: 426 | I11: 37930
B12: May | D12: 7455 | E12: 477 | F12: 608 | G12: 1288 | H12: 4078 | I12: 20127
B13: June | D13: 9180 | E13: 411 | F13: 814 | G13: 229 | H13: 2446 | I13: 34704
B14: July | D14: 6486 | E14: 994 | F14: 536 | G14: 1260 | H14: 1560 | I14: 32238
B15: August | D15: 6814 | E15: 3119 | F15: 748 | G15: 469 | H15: 1189 | I15: 36383
B16: September | D16: 14904 | E16: 4743 | F16: 647 | G16: 467 | H16: 1461 | I16: 32729
B17: October | D17: 7372 | E17: 647 | F17: 489 | G17: 567 | H17: 895 | I17: 32160
B18: November | D18: 10788 | E18: 357 | F18: 653 | G18: 144 | H18: 1791 | I18: 24001
B19: December | D19: 6930 | E19: 739 | F19: 866 | G19: 117 | H19: 3583 | I19: 22092
A20: 2020 | B20: January | D20: 5929 | E20: 310 | F20: 2066 | G20: 96 | H20: 824 | I20: 32367
B21: February | D21: 11760 | E21: 398 | F21: 624 | G21: 125 | H21: 2361 | I21: 31331
B22: March | D22: 6849 | E22: 381 | F22: 438 | G22: 1765 | H22: 1375 | I22: 24461
B23: April | D23: 10381 | E23: 489 | F23: 657 | G23: 534 | H23: 1145 | I23: 60732
B24: May | D24: 7787 | E24: 2530 | F24: 294 | G24: 366 | H24: 1881 | I24: 29693
B25: June | D25: 7266 | E25: 800 | F25: 371 | G25: 137 | H25: 1687 | I25: 39892
B26: July | D26: 8019 | E26: 1230 | F26: 606 | G26: 206 | H26: 1644 | I26: 47773
B27: August | D27: 18860 | E27: 960 | F27: 430 | G27: 1043 | H27: 8576 | I27: 61774
B28: September | D28: 12900 | E28: 2623 | F28: 594 | G28: 199 | H28: 3640 | I28: 33171
B29: October | D29: 8437 | E29: 931 | F29: 1233 | G29: 1168 | H29: 3846 | I29: 36284
B30: November | D30: 12578 | E30: 1176 | F30: 551 | G30: 499 | H30: 2734 | I30: 34415
B31: December | D31: 9426 | E31: 699 | F31: 626 | G31: 284 | H31: 2281 | I31: 31654
A32: 2021 | B32: January | D32: 7359 | E32: 1521 | F32: 333 | G32: 454 | H32: 2157 | I32: 36774
B33: February | D33: 11062 | E33: 577 | F33: 654 | G33: 1982 | H33: 4448 | I33: 24380
B34: March | D34: 12983 | E34: 3113 | F34: 522 | G34: 372 | H34: 5513 | I34: 63077
B35: April | D35: 11997 | E35: 661 | F35: 733 | G35: 246 | H35: 3257 | I35: 33442
B36: May | D36: 14319 | E36: 608 | F36: 619 | G36: 271 | H36: 9491 | I36: 30776
B37: June | D37: 6574 | E37: 563 | F37: 446 | G37: 235 | H37: 4728 | I37: 35921
B38: July | D38: 6966 | E38: 572 | F38: 424 | G38: 420 | H38: 3351 | I38: 46294
B39: August | D39: 9940 | E39: 623 | F39: 1015 | G39: 2277 | H39: 3286 | I39: 46472
B40: September | D40: 8868 | E40: 324 | F40: 368 | G40: 295 | H40: 3105 | I40: 55221
B41: October | D41: 13976 | E41: 676 | F41: 515 | G41: 172 | H41: 4232 | I41: 31889
B42: November | D42: 16103 | E42: 6775 | F42: 383 | G42: 337 | H42: 2203 | I42: 70711
B43: December | D43: 4690 | E43: 565 | F43: 406 | G43: 437 | H43: 799 | I43: 29637
A44: =Titles!$A$12 -> 1 Data for 2020 and 2021 based on 2016 Census Definitions.
A45: 2 Data are Actual Dwelling Starts.
A46: =Titles!$A$10 -> Source: CMHC Starts and Completion Survey, Market Absorption Survey

Sheet Table 11
A1: Table 11
A2: Dwelling Starts - Seasonally Adjusted at Annual Rates1
D4: Hamilton | E4: St Catharines-Niagara | F4: Kitchener-Cambridge-Waterloo | G4: Brantford | H4: Guelph
A5: Period
A6: 2019 2 | D6: 3204 | E6: 2785 | F6: 5477 | G6: 586 | H6: 907
A7: 2020 2 | D7: 3431 | E7: 2466 | F7: 3749 | G7: 1188 | H7: 584
A8: 2019 | B8: January | D8: 4074 | E8: 1809 | F8: 2657 | G8: 154 | H8: 435
B9: February | D9: 1898 | E9: 2117 | F9: 1080 | G9: 405 | H9: 2136
B10: March | D10: 2119 | E10: 3332 | F10: 1374 | G10: 485 | H10: 175
B11: April | D11: 5621 | E11: 3723 | F11: 14041 | G11: 458 | H11: 312
B12: May | D12: 2924 | E12: 2450 | F12: 1740 | G12: 252 | H12: 481
B13: June | D13: 1775 | E13: 1808 | F13: 3843 | G13: 157 | H13: 518
B14: July | D14: 1443 | E14: 1339 | F14: 5143 | G14: 1114 | H14: 910
B15: August | D15: 2234 | E15: 2909 | F15: 10107 | G15: 479 | H15: 2623
B16: September | D16: 2242 | E16: 4918 | F16: 8045 | G16: 1376 | H16: 1527
B17: October | D17: 8569 | E17: 2909 | F17: 5781 | G17: 449 | H17: 713
B18: November | D18: 4343 | E18: 3170 | F18: 5001 | G18: 796 | H18: 598
B19: December | D19: 839 | E19: 3039 | F19: 7130 | G19: 578 | H19: 255
A20: 2020 | B20: January | D20: 1700 | E20: 2116 | F20: 4730 | G20: 537 | H20: 668
B21: February | D21: 7073 | E21: 2729 | F21: 3678 | G21: 486 | H21: 137
B22: March | D22: 1448 | E22: 1523 | F22: 5377 | G22: 809 | H22: 1451
B23: April | D23: 892 | E23: 1399 | F23: 1065 | G23: 2025 | H23: 242
B24: May | D24: 1212 | E24: 1293 | F24: 1570 | G24: 676 | H24: 249
B25: June | D25: 2726 | E25: 4365 | F25: 7417 | G25: 902 | H25: 258
B26: July | D26: 6947 | E26: 3100 | F26: 2297 | G26: 1214 | H26: 211
B27: August | D27: 3544 | E27: 2266 | F27: 2333 | G27: 1444 | H27: 182
B28: September | D28: 2709 | E28: 1786 | F28: 7740 | G28: 1139 | H28: 235
B29: October | D29: 6202 | E29: 3690 | F29: 2914 | G29: 1578 | H29: 1670
B30: November | D30: 2478 | E30: 2351 | F30: 2208 | G30: 1685 | H30: 439
B31: December | D31: 4147 | E31: 2953 | F31: 3679 | G31: 1483 | H31: 1364
A32: 2021 | B32: January | D32: 2418 | E32: 2422 | F32: 10358 | G32: 2239 | H32: 307
B33: February | D33: 7973 | E33: 2095 | F33: 1258 | G33: 1256 | H33: 852
B34: March | D34: 1587 | E34: 3732 | F34: 4401 | G34: 419 | H34: 322
B35: April | D35: 6275 | E35: 2545 | F35: 10743 | G35: 536 | H35: 1673
B36: May | D36: 3972 | E36: 3398 | F36: 6425 | G36: 1106 | H36: 219
B37: June | D37: 4780 | E37: 1667 | F37: 3118 | G37: 373 | H37: 2128
B38: July | D38: 2909 | E38: 2232 | F38: 6001 | G38: 117 | H38: 2082
B39: August | D39: 8229 | E39: 2132 | F39: 5551 | G39: 2819 | H39: 322
B40: September | D40: 954 | E40: 3997 | F40: 2706 | G40: 115 | H40: 202
B41: October | D41: 1026 | E41: 3207 | F41: 7266 | G41: 222 | H41: 211
B42: November | D42: 6531 | E42: 2636 | F42: 3224 | G42: 4485 | H42: 429
B43: December | D43: 3855 | E43: 2039 | F43: 6242 | G43: 2541 | H43: 508
A44: =Titles!$A$12 -> 1 Data for 2020 and 2021 based on 2016 Census Definitions.
A45: 2 Data are Actual Dwelling Starts.
A46: =Titles!$A$10 -> Source: CMHC Starts and Completion Survey, Market Absorption Survey

Sheet Table 12
A1: Table 12
A2: Dwelling Starts - Seasonally Adjusted at Annual Rates1
A4: Period | D4: London | E4: Windsor | F4: Barrie | G4: Greater/Grand Sudbury | H4: Thunder Bay
A6: 2019 2 | D6: 3415 | E6: 1345 | F6: 784 | G6: 202 | H6: 183
A7: 2020 2 | D7: 4262 | E7: 1555 | F7: 1165 | G7: 218 | H7: 152
A8: 2019 | B8: January | D8: 3758 | E8: 749 | F8: 325 | G8: 89 | H8: 7
B9: February | D9: 1049 | E9: 752 | F9: 955 | G9: 124 | H9: 1136
B10: March | D10: 2456 | E10: 649 | F10: 283 | G10: 86 | H10: 100
B11: April | D11: 5240 | E11: 769 | F11: 688 | G11: 152 | H11: 80
B12: May | D12: 1970 | E12: 843 | F12: 271 | G12: 162 | H12: 228
B13: June | D13: 5110 | E13: 779 | F13: 232 | G13: 240 | H13: 161
B14: July | D14: 2930 | E14: 4894 | F14: 686 | G14: 369 | H14: 168
B15: August | D15: 6532 | E15: 1543 | F15: 678 | G15: 447 | H15: 156
B16: September | D16: 3339 | E16: 1731 | F16: 888 | G16: 152 | H16: 145
B17: October | D17: 3073 | E17: 914 | F17: 622 | G17: 159 | H17: 782
B18: November | D18: 2593 | E18: 1103 | F18: 3350 | G18: 138 | H18: 62
B19: December | D19: 2604 | E19: 1171 | F19: 280 | G19: 171 | H19: 97
A20: 2020 | B20: January | D20: 4886 | E20: 267 | F20: 334 | G20: 4 | H20: 87
B21: February | D21: 2643 | E21: 1067 | F21: 1899 | G21: 118 | H21: 97
B22: March | D22: 4314 | E22: 2698 | F22: 893 | G22: 143 | H22: 2909
B23: April | D23: 3357 | E23: 796 | F23: 999 | G23: 279 | H23: 6
B24: May | D24: 1577 | E24: 807 | F24: 1046 | G24: 61 | H24: 341
B25: June | D25: 2780 | E25: 1822 | F25: 2976 | G25: 189 | H25: 358
B26: July | D26: 3219 | E26: 957 | F26: 419 | G26: 248 | H26: 161
B27: August | D27: 2467 | E27: 1900 | F27: 532 | G27: 282 | H27: 33
B28: September | D28: 4564 | E28: 2408 | F28: 769 | G28: 190 | H28: 110
B29: October | D29: 3486 | E29: 2161 | F29: 3718 | G29: 504 | H29: 190
B30: November | D30: 15289 | E30: 2760 | F30: 960 | G30: 350 | H30: 222
B31: December | D31: 2877 | E31: 1344 | F31: 528 | G31: 197 | H31: 15
A32: 2021 | B32: January | D32: 3939 | E32: 1924 | F32: 3364 | G32: 492 | H32: 88
B33: February | D33: 9152 | E33: 968 | F33: 925 | G33: 141 | H33: 95
B34: March | D34: 3428 | E34: 804 | F34: 529 | G34: 4400 | H34: 1007
B35: April | D35: 8674 | E35: 2166 | F35: 2149 | G35: 860 | H35: 584
B36: May | D36: 6253 | E36: 2689 | F36: 2499 | G36: 632 | H36: 334
B37: June | D37: 10519 | E37: 1702 | F37: 1091 | G37: 423 | H37: 83
B38: July | D38: 6752 | E38: 1015 | F38: 3472 | G38: 441 | H38: 853
B39: August | D39: 4555 | E39: 1489 | F39: 3577 | G39: 70 | H39: 69
B40: September | D40: 4966 | E40: 736 | F40: 2356 | G40: 2028 | H40: 113
B41: October | D41: 2891 | E41: 892 | F41: 2626 | G41: 289 | H41: 75
B42: November | D42: 3494 | E42: 1867 | F42: 2269 | G42: 294 | H42: 183
B43: December | D43: 3190 | E43: 1233 | F43: 1937 | G43: 182 | H43: 151
A44: =Titles!$A$12 -> 1 Data for 2020 and 2021 based on 2016 Census Definitions.
A45: 2 Data are Actual Dwelling Starts.
A46: =Titles!$A$10 -> Source: CMHC Starts and Completion Survey, Market Absorption Survey

Sheet Table 13
A1: Table 13
A2: Dwelling Starts - Seasonally Adjusted at Annual Rates1
A5: Period | D5: Winnipeg | E5: Regina | F5: Saskatoon | G5: Lethbridge | H5: Calgary
A6: 2019 2 | D6: 4965 | E6: 537 | F6: 1323 | G6: 637 | H6: 11909
A7: 2020 2 | D7: 5040 | E7: 766 | F7: 1909 | G7: 499 | H7: 9235
A8: 2019 | B8: January | D8: 5173 | E8: 658 | F8: 1288 | G8: 725 | H8: 9109
B9: February | D9: 3911 | E9: 352 | F9: 705 | G9: 640 | H9: 7775
B10: March | D10: 3992 | E10: 704 | F10: 646 | G10: 579 | H10: 6946
B11: April | D11: 5096 | E11: 449 | F11: 720 | G11: 511 | H11: 11219
B12: May | D12: 7643 | E12: 306 | F12: 1608 | G12: 448 | H12: 9435
B13: June | D13: 8411 | E13: 775 | F13: 1671 | G13: 736 | H13: 13010
B14: July | D14: 4681 | E14: 274 | F14: 659 | G14: 1615 | H14: 8245
B15: August | D15: 4634 | E15: 342 | F15: 2028 | G15: 559 | H15: 12342
B16: September | D16: 3234 | E16: 873 | F16: 2536 | G16: 450 | H16: 18170
B17: October | D17: 5124 | E17: 614 | F17: 1287 | G17: 557 | H17: 9782
B18: November | D18: 3915 | E18: 720 | F18: 928 | G18: 502 | H18: 11141
B19: December | D19: 3716 | E19: 337 | F19: 1769 | G19: 345 | H19: 25520
A20: 2020 | B20: January | D20: 6096 | E20: 840 | F20: 2248 | G20: 305 | H20: 8377
B21: February | D21: 4119 | E21: 827 | F21: 924 | G21: 364 | H21: 8567
B22: March | D22: 4486 | E22: 266 | F22: 1216 | G22: 524 | H22: 12776
B23: April | D23: 5562 | E23: 1012 | F23: 1185 | G23: 262 | H23: 6625
B24: May | D24: 2898 | E24: 537 | F24: 1161 | G24: 225 | H24: 8323
B25: June | D25: 6358 | E25: 271 | F25: 1935 | G25: 1036 | H25: 4908
B26: July | D26: 5518 | E26: 928 | F26: 6869 | G26: 1140 | H26: 8841
B27: August | D27: 3800 | E27: 942 | F27: 1302 | G27: 391 | H27: 8652
B28: September | D28: 2588 | E28: 599 | F28: 983 | G28: 475 | H28: 11997
B29: October | D29: 7168 | E29: 467 | F29: 1495 | G29: 405 | H29: 11743
B30: November | D30: 8250 | E30: 1441 | F30: 1565 | G30: 415 | H30: 11157
B31: December | D31: 4107 | E31: 1144 | F31: 1823 | G31: 456 | H31: 9920
A32: 2021 | B32: January | D32: 7644 | E32: 616 | F32: 3568 | G32: 470 | H32: 14355
B33: February | D33: 5743 | E33: 1258 | F33: 1753 | G33: 1681 | H33: 8652
B34: March | D34: 3535 | E34: 1235 | F34: 4362 | G34: 604 | H34: 14005
B35: April | D35: 4350 | E35: 810 | F35: 4139 | G35: 683 | H35: 14926
B36: May | D36: 5724 | E36: 764 | F36: 4278 | G36: 600 | H36: 18352
B37: June | D37: 8004 | E37: 927 | F37: 2111 | G37: 485 | H37: 13647
B38: July | D38: 4873 | E38: 659 | F38: 1366 | G38: 742 | H38: 16886
B39: August | D39: 5670 | E39: 586 | F39: 1167 | G39: 535 | H39: 12846
B40: September | D40: 7955 | E40: 978 | F40: 5377 | G40: 290 | H40: 11697
B41: October | D41: 3702 | E41: 851 | F41: 1297 | G41: 509 | H41: 14999
B42: November | D42: 4743 | E42: 1976 | F42: 1253 | G42: 631 | H42: 25963
B43: December | D43: 6139 | E43: 1057 | F43: 1730 | G43: 501 | H43: 13604
A44: =Titles!$A$12 -> 1 Data for 2020 and 2021 based on 2016 Census Definitions.
A45: 2 Data are Actual Dwelling Starts.
A46: =Titles!$A$10 -> Source: CMHC Starts and Completion Survey, Market Absorption Survey

Sheet Table 14
A1: Table 14
A2: Dwelling Starts - Seasonally Adjusted at Annual Rates1
D4: Edmonton | E4: Kelowna | F4: Abbotsford-Mission | G4: Vancouver | H4: Victoria
A5: Period
A6: 2019 2 | D6: 10720 | E6: 2225 | F6: 1694 | G6: 28141 | H6: 3499
A7: 2020 2 | D7: 11512 | E7: 1794 | F7: 1110 | G7: 22371 | H7: 3209
A8: 2019 | B8: January | D8: 10461 | E8: 4181 | F8: 839 | G8: 25647 | H8: 2929
B9: February | D9: 7738 | E9: 279 | F9: 1496 | G9: 25054 | H9: 4136
B10: March | D10: 6800 | E10: 529 | F10: 1805 | G10: 20909 | H10: 2080
B11: April | D11: 10379 | E11: 820 | F11: 1008 | G11: 34079 | H11: 5358
B12: May | D12: 6778 | E12: 1028 | F12: 1775 | G12: 42796 | H12: 2331
B13: June | D13: 15014 | E13: 2806 | F13: 796 | G13: 41300 | H13: 2436
B14: July | D14: 16042 | E14: 1457 | F14: 2976 | G14: 31754 | H14: 3634
B15: August | D15: 14282 | E15: 5836 | F15: 1130 | G15: 19680 | H15: 1724
B16: September | D16: 10755 | E16: 1564 | F16: 2042 | G16: 25042 | H16: 6072
B17: October | D17: 9924 | E17: 3989 | F17: 2334 | G17: 15799 | H17: 3889
B18: November | D18: 10999 | E18: 3506 | F18: 1611 | G18: 27805 | H18: 4211
B19: December | D19: 9006 | E19: 930 | F19: 2524 | G19: 27698 | H19: 3180
A20: 2020 | B20: January | D20: 9091 | E20: 1556 | F20: 2997 | G20: 13009 | H20: 664
B21: February | D21: 8023 | E21: 3786 | F21: 2719 | G21: 20662 | H21: 5913
B22: March | D22: 15646 | E22: 1437 | F22: 633 | G22: 21046 | H22: 1212
B23: April | D23: 14210 | E23: 606 | F23: 496 | G23: 15061 | H23: 5539
B24: May | D24: 7755 | E24: 1832 | F24: 507 | G24: 24971 | H24: 3092
B25: June | D25: 7189 | E25: 2799 | F25: 585 | G25: 23468 | H25: 2325
B26: July | D26: 10869 | E26: 3474 | F26: 500 | G26: 24387 | H26: 4183
B27: August | D27: 9387 | E27: 2652 | F27: 1455 | G27: 29733 | H27: 2765
B28: September | D28: 10432 | E28: 1095 | F28: 1055 | G28: 21425 | H28: 2364
B29: October | D29: 17421 | E29: 1269 | F29: 1425 | G29: 15213 | H29: 3421
B30: November | D30: 11773 | E30: 1218 | F30: 364 | G30: 33276 | H30: 2783
B31: December | D31: 16861 | E31: 0 | F31: 516 | G31: 26263 | H31: 4238
A32: 2021 | B32: January | D32: 10944 | E32: 1221 | F32: 997 | G32: 17713 | H32: 2856
B33: February | D33: 12489 | E33: 3025 | F33: 2009 | G33: 27692 | H33: 2036
B34: March | D34: 9998 | E34: 3051 | F34: 789 | G34: 44909 | H34: 7231
B35: April | D35: 14143 | E35: 1526 | F35: 653 | G35: 19078 | H35: 4180
B36: May | D36: 12340 | E36: 1102 | F36: 605 | G36: 30553 | H36: 2304
B37: June | D37: 12342 | E37: 3258 | F37: 1691 | G37: 44966 | H37: 4099
B38: July | D38: 11288 | E38: 5454 | F38: 502 | G38: 24444 | H38: 7214
B39: August | D39: 14586 | E39: 5385 | F39: 572 | G39: 22413 | H39: 6975
B40: September | D40: 10682 | E40: 2486 | F40: 1474 | G40: 14169 | H40: 4970
B41: October | D41: 17390 | E41: 1152 | F41: 823 | G41: 21174 | H41: 3988
B42: November | D42: 11422 | E42: 4763 | F42: 660 | G42: 18944 | H42: 4200
B43: December | D43: 12889 | E43: 6694 | F43: 2195 | G43: 26630 | H43: 7801
A44: =Titles!$A$12 -> 1 Data for 2020 and 2021 based on 2016 Census Definitions.
A45: 2 Data are Actual Dwelling Starts.
A46: =Titles!$A$10 -> Source: CMHC Starts and Completion Survey, Market Absorption Survey

Sheet Table 15
A1: Table 15
A2: Dwelling Starts - Seasonally Adjusted at Annual Rates1
A5: Period | D5: Montréal | E5: Toronto | F5: Vancouver
A6: 2021
A7: Single-Detached | B7: January | D7: 7429 | E7: 5898 | F7: 3517
B8: February | D8: 3150 | E8: 10592 | F8: 3560
B9: March | D9: 4226 | E9: 7829 | F9: 3509
B10: April | D10: 3586 | E10: 7174 | F10: 3118
B11: May | D11: 2699 | E11: 6092 | F11: 2953
B12: June | D12: 2735 | E12: 5441 | F12: 2822
B13: July | D13: 2702 | E13: 7966 | F13: 2628
B14: August | D14: 2381 | E14: 7436 | F14: 2613
B15: September | D15: 2470 | E15: 5805 | F15: 3069
B16: October | D16: 2470 | E16: 6629 | F16: 3030
B17: November | D17: 2470 | E17: 7687 | F17: 2816
B18: December | D18: 1681 | E18: 6309 | F18: 3074
A19: All Others | B19: January | D19: 29465 | E19: 30876 | F19: 14196
B20: February | D20: 36759 | E20: 13788 | F20: 24132
B21: March | D21: 26403 | E21: 55248 | F21: 41400
B22: April | D22: 35767 | E22: 26268 | F22: 15960
B23: May | D23: 25271 | E23: 24684 | F23: 27600
B24: June | D24: 36275 | E24: 30480 | F24: 42144
B25: July | D25: 27826 | E25: 38328 | F25: 21816
B26: August | D26: 24431 | E26: 39036 | F26: 19800
B27: September | D27: 31562 | E27: 49416 | F27: 11100
B28: October | D28: 25810 | E28: 25260 | F28: 18144
B29: November | D29: 33742 | E29: 63024 | F29: 16128
B30: December | D30: 21067 | E30: 23328 | F30: 23556
A31: Total | B31: January | D31: 36894 | E31: 36774 | F31: 17713
B32: February | D32: 39909 | E32: 24380 | F32: 27692
B33: March | D33: 30629 | E33: 63077 | F33: 44909
B34: April | D34: 39353 | E34: 33442 | F34: 19078
B35: May | D35: 27970 | E35: 30776 | F35: 30553
B36: June | D36: 39010 | E36: 35921 | F36: 44966
B37: July | D37: 30528 | E37: 46294 | F37: 24444
B38: August | D38: 26812 | E38: 46472 | F38: 22413
B39: September | D39: 34032 | E39: 55221 | F39: 14169
B40: October | D40: 28280 | E40: 31889 | F40: 21174
B41: November | D41: 36212 | E41: 70711 | F41: 18944
B42: December | D42: 22748 | E42: 29637 | F42: 26630
A43: =Titles!$A$14 -> 2021 based on 2016 Census Definitions.
A44: =Titles!$A$10 -> Source: CMHC Starts and Completion Survey, Market Absorption Survey

Sheet Table 16
A1: Table 16
A2: Absorption of Homeowner and Condominium Units by Dwelling Type,
A3: in Metropolitan Areas, Large Urban Centres and Census Agglomerations1
D5: Single-Detached and | G5: Row, Apartment and Other Dwellings
A8: Period | D8: % Absorbed | E8: Completed | F8: Under | G8: % Absorbed at | H8: Completed | I8: Under
D9: at Completion | E9: and | F9: Construction2 | G9: Completion | H9: and | I9: Construction2
E10: Unabsorbed | H10: Unabsorbed
A11: 2020 | B11: 1st Q. | D11: 70 | E11: 8047 | F11: 34361 | G11: 81 | H11: 8135 | I11: 144727
B12: 2nd Q. | D12: 72 | E12: 7578 | F12: 35349 | G12: 85 | H12: 7244 | I12: 220941
B13: 3rd Q. | D13: 76 | E13: 6525 | F13: 35586 | G13: 86 | H13: 6771 | I13: 148238
B14: 4th Q. | D14: 81 | E14: 5374 | F14: 37654 | G14: 84 | H14: 6529 | I14: 150117
A15: 2021 | B15: 1st Q. | D15: 82 | E15: 4757 | F15: 38441 | G15: 87 | H15: 5715 | I15: 151168
B16: 2nd Q. | D16: 83 | E16: 4011 | F16: 43036 | G16: 89 | H16: 5404 | I16: 150854
B17: 3rd Q. | D17: 83 | E17: 3925 | F17: 45353 | G17: 90 | H17: 4677 | I17: 153717
B18: 4th Q. | D18: 82 | E18: 4117 | F18: 45960 | G18: 90 | H18: 4426 | I18: 156534
A19: 2020 | B19: January | D19: 72 | E19: 8164 | F19: 34817 | G19: 87 | H19: 8317 | I19: 144856
B20: February | D20: 70 | E20: 8218 | F20: 34112 | G20: 77 | H20: 8376 | I20: 144967
B21: March | D21: 66 | E21: 8047 | F21: 34361 | G21: 77 | H21: 8135 | I21: 144727
B22: April | D22: 77 | E22: 7770 | F22: 33741 | G22: 87 | H22: 8023 | I22: 144107
B23: May | D23: 70 | E23: 7584 | F23: 34457 | G23: 87 | H23: 7406 | I23: 144265
B24: June | D24: 71 | E24: 7578 | F24: 35349 | G24: 81 | H24: 7244 | I24: 220941
B25: July | D25: 77 | E25: 7055 | F25: 35162 | G25: 86 | H25: 7117 | I25: 146207
B26: August | D26: 76 | E26: 6813 | F26: 35273 | G26: 88 | H26: 7128 | I26: 148237
B27: September | D27: 74 | E27: 6525 | F27: 35586 | G27: 84 | H27: 6771 | I27: 148238
B28: October | D28: 78 | E28: 6102 | F28: 36690 | G28: 85 | H28: 6638 | I28: 148673
B29: November | D29: 82 | E29: 5720 | F29: 37754 | G29: 83 | H29: 6623 | I29: 149883
B30: December | D30: 84 | E30: 5374 | F30: 37654 | G30: 85 | H30: 6529 | I30: 150117
A31: 2021 | B31: January | D31: 84 | E31: 5183 | F31: 37687 | G31: 74 | H31: 6548 | I31: 152464
B32: February | D32: 81 | E32: 4952 | F32: 37747 | G32: 90 | H32: 6352 | I32: 151895
B33: March | D33: 82 | E33: 4757 | F33: 38441 | G33: 92 | H33: 5715 | I33: 151168
B34: April | D34: 83 | E34: 4458 | F34: 40766 | G34: 91 | H34: 5518 | I34: 149657
B35: May | D35: 84 | E35: 4157 | F35: 41963 | G35: 85 | H35: 5427 | I35: 150286
B36: June | D36: 83 | E36: 4011 | F36: 43036 | G36: 89 | H36: 5404 | I36: 150854
B37: July | D37: 84 | E37: 3834 | F37: 44252 | G37: 90 | H37: 5125 | I37: 152433
B38: August | D38: 83 | E38: 3857 | F38: 45117 | G38: 90 | H38: 5103 | I38: 153374
B39: September | D39: 83 | E39: 3925 | F39: 45353 | G39: 93 | H39: 4677 | I39: 153717
B40: October | D40: 83 | E40: 3970 | F40: 45665 | G40: 88 | H40: 4531 | I40: 155094
B41: November | D41: 82 | E41: 4080 | F41: 46214 | G41: 93 | H41: 4359 | I41: 157584
B42: December | D42: 82 | E42: 4117 | F42: 45960 | G42: 90 | H42: 4426 | I42: 156534
A43: =Titles!$A$8 -> Data for 2020 and 2021 based on 2016 Census Definitions.
A44: 2 Under Construction does not include units where the intended market is unknown.
A45: =Titles!$A$10 -> Source: CMHC Starts and Completion Survey, Market Absorption Survey

Sheet Tables 17-18
A1: Table 17
A2: Dwelling Starts in Urban Centres and Canada, Seasonally Adjusted at Annual Rates
D5: Centres 10,000 Population | G5: Other Areas | J5: Canada
D6: and Over1
A7: Period
D8: Single- | E8: All | F8: Total | G8: Single- | H8: All | I8: Total | J8: Single- | K8: All | L8: Total
D9: Detached | E9: Others | G9: Detached | H9: Others | J9: Detached | K9: Others
A13: 2021 | B13: 1st Q. | D13: 73117 | E13: 190714 | F13: 263831 | G13: 19750 | H13: 5236 | I13: 24986 | J13: =IF(OR(D13="",G13=""),"",D13+G13) -> 92867 | K13: =IF(OR(E13="",H13=""),"",E13+H13) -> 195950 | L13: =IF(J13="","",J13+K13) -> 288817
B14: 2nd Q. | D14: 66183 | E14: 181952 | F14: 248135 | G14: 19832 | H14: 9904 | I14: 29736 | J14: =IF(OR(D14="",G14=""),"",D14+G14) -> 86015 | K14: =IF(OR(E14="",H14=""),"",E14+H14) -> 191856 | L14: =IF(J14="","",J14+K14) -> 277871
B15: 3rd Q. | D15: 60837 | E15: 174634 | F15: 235471 | G15: 18771 | H15: 8928 | I15: 27699 | J15: =IF(OR(D15="",G15=""),"",D15+G15) -> 79608 | K15: =IF(OR(E15="",H15=""),"",E15+H15) -> 183562 | L15: =IF(J15="","",J15+K15) -> 263170
B16: 4h Q. | D16: 58189 | E16: 179514 | F16: 237703 | G16: 16580 | H16: 9644 | I16: 26224 | J16: =IF(OR(D16="",G16=""),"",D16+G16) -> 74769 | K16: =IF(OR(E16="",H16=""),"",E16+H16) -> 189158 | L16: =IF(J16="","",J16+K16) -> 263927
A17: 2021 | B17: January | D17: 77436 | E17: 201480 | F17: 278916 | I17: 36588 | L17: =IF(F17="","",F17+I17) -> 315504
B18: February | D18: 73398 | E18: 161282 | F18: 234680 | I18: 32304 | L18: =IF(F18="","",F18+I18) -> 266984
B19: March | D19: 77009 | E19: 219748 | F19: 296757 | I19: 33358 | L19: =IF(F19="","",F19+I19) -> 330115
B20: April | D20: 78763 | E20: 169989 | F20: 248752 | I20: 27272 | L20: =IF(F20="","",F20+I20) -> 276024
B21: May | D21: 65835 | E21: 188484 | F21: 254319 | I21: 29641 | L21: =IF(F21="","",F21+I21) -> 283960
B22: June | D22: 59997 | E22: 189264 | F22: 249261 | I22: 29079 | L22: =IF(F22="","",F22+I22) -> 278340
B23: July | D23: 62405 | E23: 182300 | F23: 244705 | I23: 29362 | L23: =IF(F23="","",F23+I23) -> 274067
B24: August | D24: 60097 | E24: 172201 | F24: 232298 | I24: 28667 | L24: =IF(F24="","",F24+I24) -> 260965
B25: September | D25: 57400 | E25: 165285 | F25: 222685 | I25: 28353 | L25: =IF(F25="","",F25+I25) -> 251038
B26: October | D26: 57953 | E26: 156454 | F26: 214407 | I26: 23005 | L26: =IF(F26="","",F26+I26) -> 237412
B27: November | D27: 57648 | E27: 222150 | F27: 279798 | I27: 24015 | L27: =IF(F27="","",F27+I27) -> 303813
B28: December | D28: 55231 | E28: 157687 | F28: 212918 | I28: 23188 | L28: =IF(F28="","",F28+I28) -> 236106
A33: Table 18
A34: Dwelling Starts in Canada1, by Region,
A35: Seasonally Adjusted at Annual Rates
A38: Period | D38: Atlantic | E38: Québec | F38: Ontario | G38: Prairies | H38: B.C. | I38: Total
A40: 2019 2 | D40: 10103 | E40: 47967 | F40: 68985 | G40: 36698 | H40: 44932 | I40: 208685
A41: 2020 2 | D41: 10273 | E41: 54066 | F41: 81305 | G41: 34424 | H41: 37734 | I41: 217802
A42: 2020 | B42: 1st Q. | D42: 9969 | E42: 49598 | F42: 67873 | G42: 32814 | H42: 37184 | I42: =IF(D42="","",SUM(D42:H42)) -> 197438
B43: 2nd Q. | D43: 7712 | E43: 45183 | F43: 77998 | G43: 27828 | H43: 33691 | I43: =IF(D43="","",SUM(D43:H43)) -> 192412
B44: 3rd Q. | D44: 12302 | E44: 59627 | F44: 94560 | G44: 34223 | H44: 39661 | I44: =IF(D44="","",SUM(D44:H44)) -> 240373
B45: 4th Q. | D45: 11707 | E45: 62031 | F45: 84253 | G45: 43624 | H45: 41440 | I45: =IF(D45="","",SUM(D45:H45)) -> 243055
A47: 2021 | B47: 1st Q. | D47: 12567 | E47: 81014 | F47: 101476 | G47: 40790 | H47: 52970 | I47: =IF(D47="","",SUM(D47:H47)) -> 288817
B48: 2nd Q. | D48: 12176 | E48: 70876 | F48: 98532 | G48: 46378 | H48: 49909 | I48: =IF(D48="","",SUM(D48:H48)) -> 277871
B49: 3rd Q. | D49: 9989 | E49: 62503 | F49: 102950 | G49: 42335 | H49: 45393 | I49: =IF(D49="","",SUM(D49:H49)) -> 263170
B50: 4th Q. | D50: 15120 | E50: 62954 | F50: 95972 | G50: 47141 | H50: 42740 | I50: =IF(D50="","",SUM(D50:H50)) -> 263927
A52: =Titles!$A$12 -> 1 Data for 2020 and 2021 based on 2016 Census Definitions.
A53: 2 Data are Actual Dwelling Starts.
A54: Source: Market Analysis Centre, CMHC

Sheet Tables 19-20
A1: Table 19
A2: Dwelling Starts in Canada1, Atlantic Provinces, Seasonally Adjusted at Annual Rates
D4: Newfoundland | E4: Prince Edward | F4: Nova Scotia | G4: New Brunswick | H4: Total
E5: Island
A7: Period
A8: 2019 2 | D8: 945 | E8: 1504 | F8: 4719 | G8: 2935 | H8: 10103
A9: 2020 2 | D9: 763 | E9: 1162 | F9: 4865 | G9: 3483 | H9: 10273
A10: 2020 | B10: 1st Q. | D10: 658 | E10: 947 | F10: 4490 | G10: 3874 | H10: =IF(D10="","",SUM(D10:G10)) -> 9969
B11: 2nd Q. | D11: 512 | E11: 1562 | F11: 3003 | G11: 2635 | H11: =IF(D11="","",SUM(D11:G11)) -> 7712
B12: 3rd Q. | D12: 912 | E12: 1331 | F12: 6218 | G12: 3841 | H12: =IF(D12="","",SUM(D12:G12)) -> 12302
B13: 4th Q. | D13: 927 | E13: 1049 | F13: 5750 | G13: 3981 | H13: =IF(D13="","",SUM(D13:G13)) -> 11707
A14: 2021 | B14: 1st Q. | D14: 1467 | E14: 1281 | F14: 5508 | G14: 4311 | H14: =IF(D14="","",SUM(D14:G14)) -> 12567
B15: 2nd Q. | D15: 1184 | E15: 1486 | F15: 5118 | G15: 4388 | H15: =IF(D15="","",SUM(D15:G15)) -> 12176
B16: 3rd Q. | D16: 839 | E16: 1226 | F16: 4172 | G16: 3752 | H16: =IF(D16="","",SUM(D16:G16)) -> 9989
B17: 4th Q. | D17: 1025 | E17: 1328 | F17: 8991 | G17: 3776 | H17: =IF(D17="","",SUM(D17:G17)) -> 15120
A22: Table 20
A23: Dwelling Starts in Canada1, Prairie Provinces,
A24: Seasonally Adjusted at Annual Rates
A27: Period | D27: Manitoba | E27: Saskatchewan | F27: Alberta | G27: Total
A28: 2019 2 | D28: 6946 | E28: 2427 | F28: 27325 | G28: 36698
A29: 2020 2 | D29: 7314 | E29: 3087 | F29: 24023 | G29: 34424
A30: 2020 | B30: 1st Q. | D30: 6048 | E30: 2536 | F30: 24230 | G30: =IF(F30="","",SUM(D30:F30)) -> 32814
B31: 2nd Q. | D31: 6725 | E31: 2298 | F31: 18805 | G31: =IF(F31="","",SUM(D31:F31)) -> 27828
B32: 3rd Q. | D32: 6128 | E32: 4356 | F32: 23739 | G32: =IF(F32="","",SUM(D32:F32)) -> 34223
B33: 4th Q. | D33: 10444 | E33: 3032 | F33: 30148 | G33: =IF(F33="","",SUM(D33:F33)) -> 43624
A34: 2021 | B34: 1st Q. | D34: 7794 | E34: 4933 | F34: 28063 | G34: =IF(F34="","",SUM(D34:F34)) -> 40790
B35: 2nd Q. | D35: 8643 | E35: 4709 | F35: 33026 | G35: =IF(F35="","",SUM(D35:F35)) -> 46378
B36: 3rd Q. | D36: 8467 | E36: 3888 | F36: 29980 | G36: =IF(F36="","",SUM(D36:F36)) -> 42335
B37: 4th Q. | D37: 7227 | E37: 3384 | F37: 36530 | G37: =IF(F37="","",SUM(D37:F37)) -> 47141
A38: =+Titles!A12 -> 1 Data for 2020 and 2021 based on 2016 Census Definitions.
A39: =+Titles!A10 -> Source: CMHC Starts and Completion Survey, Market Absorption Survey

Sheet Symbols
A1: Symbols
A3: ** Not available
A4: + Less than 1,000 units
A5: - Nil or Zero
A6: -- Amount too small to be expressed
A7: (r) Revised / Chiffres révisés

Sheet Survey Coverage
A1: Survey Coverage
A2: The Starts and Completions Survey is carried out monthly in urban areas with populations in excess of 50,000 as defined by the 2011 Census. In urban areas with populations of 10,000 to 49,999, all Starts are enumerated in the last month of each quarter (i.e. four times a year, in March, June, September and December). In these centres with quarterly enumeration, Completion activity is modelled based on historical patterns. Monthly Starts and Completion activity in these quarterly locations are statistically estimated at a provincial level for single and multi categories. Centres with populations below 10,000 are enumerated on a sample basis, also in the last month of each quarter (i.e. in March, June, September and December).
A4: The Market Absorption Survey is carried out in conjunction with the Starts and Completions Survey in urban areas with populations in excess of 50,000. When a structure is recorded as completed, a report is also made as to whether or not a unit has been sold. The dwellings are then enumerated each month until such time as absorption occurs.
A5: The survey of conversions and demolitions follows the same collection frequency and methodology as new residential construction.

Sheet Definitions
A1: Concepts and Definitions
A2: A “start” for the purposes of the Starts and Completions Survey, is defined as the beginning of construction work on a building, usually when the concrete has been poured for the whole of the footing around the structure, or an equivalent stage where a basement will not be part of the structure.
A3: A “completion” is defined as the stage at which all proposed construction work on the building has been performed, although under some circumstances a building may be counted as completed where up to 10 percent of the proposed work remains to be done.
A4: For multiple-dwelling structures, the definition of a Start or a Completion applies to the structure rather than to the individual dwelling units therein.
A6: The number of units “under construction” as at the end of the period shown, takes into account certain adjustments which are necessary for various reasons. For example, after a start on a dwelling has commenced construction may cease, or a structure when completed may contain more or fewer dwelling units than were reported at start.
A8: A dwelling is defined as being “absorbed” when a binding, non-conditional agreement is made to buy the dwelling.
A10: Only new self-contained dwelling units are enumerated in the Starts and Completions Survey, such units being designed for non-transient and year-round occupancy.
A11: Seasonal dwellings, such as: summer cottages, hunting and ski cabins, trailers and boat houses; and hostel accommodation, such as: hospitals, nursing homes, penal institutions, convents, monasteries, military and industrial camps, and collective types of accommodation such as: hotels, clubs, and lodging homes are excluded from all residential housing surveys.
A12: Mobile Homes are included in the surveys. A mobile home is a type of manufactured house that is completely assembled in a factory, then moved to a foundation before it is occupied.
A14: Trailers or any other movable dwelling (the larger often referred to as a mobile home) with no permanent foundation are excluded from the surveys.
A16: Market housing is defined as housing that is marketed to the general public for sale or rent.
A18: A “dwelling unit” is defined as a structurally separate set of living premises with a private entrance either outside the building or from a common hall, lobby, vestibule or stairway inside the building. The entrance must be one that can be used without passing through anyone else’s living quarters.
... A21: Seasonally Adjusted at Annual Rate (SAAR) is the result of adjusting monthly or quarterly statistics to provide an indication of the annual total which would be achieved if activity in all other months or quarters were at the same level of performance relative to past seasonal patterns.

Sheet Type of Dwelling
A1: Type of dwelling
A2: The definitions of types of dwellings, used in the Surveys, are in accordance with those in the Census.
A3: A “single-detached” dwelling is a building containing only one dwelling unit, which is completely separated on all sides from any other dwelling or structure.
A4: A “semi-detached” dwelling is one of two dwellings located side-by-side in a building, adjoining no other structure and separated by a common or party wall extending from ground to roof.
A5: A “row” dwelling is a ground-oriented dwelling attached to two or more similar units so that the resulting row structure contains three or more units.
A6: An “apartment and other” dwelling includes all dwellings other than those described above, including structures commonly referred to as duplexes, triplexes, double duplexes and row duplexes.
